name,principal_component_1
8113822b136ca30ca537e948dd0a99eca1314e0b.cl-A,-0.248012531
59237c6b342a21ed77732bf2bbfe89f71e97fa7e.cl-A,-0.154144534
1995527202ac6d8ee15f7912a6841f56af8d9ea5.cl-A,-0.17350489
25f4ac8d34542b2d1a8b440b886c62abae420422.cl-A,-0.154451627
4c3f37f1f6b9f2327e327de3a38b2b4d94cc5bbe.cl-A,-0.337612782
8f1e75a5b2572521f413ae9f2d97f18a0f8e2314.cl-A,-0.062644487
17616769a00bbe915b034c928039552974dee411.cl-A,-0.244055264
415e741024b154434b9357d7c83321679a7ce899.cl-A,-0.297862713
5aa3ab33a1f75f6e7a143f5ed606a6ee34b7940a.cl-A,-0.173688133
7115db1d8c79a5a8c1cbf29df94a0fa4730fc49a.cl-A,-0.065045901
a37bba2cb3c47d04f5038c310f19742de3a4fa23.cl-A,-0.171054461
0290dc84bc0dbf9da66cbb2063dd131c40fc72cc.cl-A,-0.11577188
14e4402918b6ab094936a50980050e4d70fb6464.cl-A,-0.090165357
091269cb5d5c9e48a7f4f3b62b8b9b637e72ca72.cl-A,-0.093173986
9a7ec521e3f12e95d614548e65f0d34e7619af50.cl-A,-0.174342974
336777aaf498be3f58cc0d399133eba32d395618.cl-A,-0.150201686
95fa68c8ac63bb75d02f196008e1b9a0cba2bb7c.cl-A,-0.089145039
6d2dbc7e795c3aff64da179c86848a3c792b253e.cl-A,-0.094793098
161f01fc5dd7ebd2a45100900ce5be684231733d.cl-A,-0.094736646
7527d85686d7fd55a983893fde08fa84e2b5de03.cl-A,-0.089894389
79838428f843d5520731ffd9e03175bfdc78c385.cl-A,-0.137671603
89a12a3d869e1be8e79d26abcfb6787ed359ab53.cl-A,-0.248012531
5cc08086c3ccee1fa8cb1eb26a6d87a1edc1cbec.cl-A,0.045872382
202cccf842be9bb61f6920b79c52b9d455d356d0.cl-A,-0.417475104
1b772436f44cc43ca487ac6d9f2988c9bf1d58d1.cl-A,-0.089784308
376b71dbe9111ec5a219845ece7ff78863ea7c17.cl-A,-0.089765255
277fe546138a2a865ea31c51f9ae3533a8aeff33.cl-A,-0.13655265
35edeb15cdb92119158e8ba2584ea4251b83f886.cl-A,-0.065052252
8b64a3dc108b0ab3c0e5f437c99a608e19fd6801.cl-A,-0.065090357
8f3966b0a9afcf41a551674380c77b2a8301c681.cl-A,-0.173631682
8cba270414ac600744fd5d5519de5c9372e0da9c.cl-A,-0.244055264
051aab6a4b7097b4ffa5b95123a8c642f03bbd96.cl-A,-0.089764395
3c1b5e56fee5d8ca4855c927aa8440bed3b8443d.cl-A,-0.089962131
34f4700e9727e081ddb5df5b222ace97b05e7800.cl-A,0.016224641
672d7a1ad308f4ff73409afee9047858f2a1db64.cl-A,-0.089145039
29dd6d0e881bedcf35516d81b8e1b904721f3ce7.cl-A,-0.087294227
0b8378709bfad11440680a23164b2428ac273023.cl-A,-0.141939357
005ef03ac277e7418bb806ad623f5066de5031da.cl-A,-0.125522511
05f9da49391b169dacff8d1701d3529294a6fa5a.cl-A,-0.149009424
6336ce40188da1f98d7f08e61ec2be9387fa4e73.cl-A,-0.25060611
4136642946782e5cb2c104426b788f0cfab98ff2.cl-A,-0.379590326
0815cf75122579976034583d77dc2df96c4daa3d.cl-A,-0.103254014
45cd678165704984af4a47459afc35b457becfb4.cl-A,-0.117762
9d695bd0486524d3bd84629fc411534bc922ea1e.cl-A,-0.130265474
151ab5912bb7760af7f0a5b5b3f73cece31ff724.cl-A,-0.117065502
304efc667bc57dc2cf83fba9b04493c8de598f2c.cl-A,-0.154103632
9ebe790c6d765d44c7b4270b19a155bb691dc734.cl-A,-0.273143358
95b71cf33d790a77698bd3c0f61254eed75edaa1.cl-A,-0.141784856
026bd8a2758e37c22d6dd654b8fc29bd6343e16b.cl-A,-0.117065502
6409fbf41404bc3ee4a4a1308571f6035b4a7b7a.cl-A,-0.193810808
1111580a366d54027184376c255b1ab93772bd20.cl-A,-0.25428846
69f11aa15396d1d15e14e3d21e0953a10b2416ee.cl-A,-0.173671198
5f3a715b1861b086427f7aa98a7404b35a2d3b3c.cl-A,-0.089765255
73b597764ed00af26326346540e8d1340b7bbc98.cl-A,0.155808827
0e2e92a0a7c2e789b1568a09b80dc6b18e4c9d01.cl-A,-0.089771606
2e747204f1b4f080d400477104ae3d91ded72a72.cl-A,-0.23062865
8dcbf1aee4215e6ece4f35aafb337326c751330a.cl-A,-0.119702648
163a09d5c222504d1313df795a2feedd5d83adee.cl-A,-0.124342043
4a238d0519e416f1a62051f63ef23ccd4cf8a350.cl-A,-0.087528217
95490bb5c906eeca385ba67aa6319d65eee107f1.cl-A,-0.181716862
9933cee771fefb9d9cfc73d40e78c0f3a9290a3c.cl-A,-0.152369434
23975a348289d37494c4dd69a68190c4b2b9bf66.cl-A,-0.092930114
a5f75300cda568102f0753747843c3ff88b157c4.cl-A,-0.172110746
8faa69ea6fd7d2fc0f8f61f8b2561727e7b30df0.cl-A,-0.175543887
10f336abcf2ab99c7d6033d0a16fe31d9b79c482.cl-A,-0.180510592
182d2ed5c98cb9f4688b554ed1fdc1e419ea5073.cl-A,-0.095967775
15b1502fb4f9d642380b42d637d2bfaf0927e197.cl-A,-0.176090347
1b225dc389c508b7be0433e05861d1f7d4e48c33.cl-A,-0.130067193
7abc497d83946cb377fab24ef828a3bc73d04574.cl-A,-0.110789573
6a936643ce4696e9cc8f55086de70304c10ee69b.cl-A,-0.090165357
962364cd4b966b87acd1eecea790f4305c815cb8.cl-A,-0.228261191
15e73b9306a47ae66e7f2134a3db6adcf26af06a.cl-A,-0.31022239
8662909eab24f4e204998ad7bf86fe14ca539b7d.cl-A,-0.102169388
16762e040d5ef87e04f31d118eb91619f1d2b613.cl-A,-0.102127049
1ec8674c42db1f8e63cda2ab789e2f94f16db8b4.cl-A,-0.102254066
6b51dd59718a9adac38373a9aaf96bdd5a88f481.cl-A,-0.103254014
3f7cc27e15cb7641d440d0852b6425b5bac35aa7.cl-A,-0.084954005
83a2affa9d3b56148022edd9d8557a0fab3132bf.cl-A,-0.131696906
5f97ab109995c228a8d93608ea14b9ca6f9b8aaa.cl-A,-0.093011405
99fb8f87e8461061098ebb986cbf60fa6ebdf75f.cl-A,-0.161286117
39409db58db29c201743597f72669036ef2ab96e.cl-A,-0.189646286
55757ccd4e2fef4a4d6773baed05c9e94d597b33.cl-A,-0.11577188
6dc686374eb884130fb70db7c0c61ab8ebb46ccb.cl-A,-0.102143985
4a69c2d6d393234ff1eec3efac818e53187961ba.cl-A,-0.137620797
463733a0bbc848293047ba227da76f1b368d250a.cl-A,-0.093010526
1e0c61c18362d2a69f80d8903d3d451dcb7c22e9.cl-A,-0.142220138
2ed31071354206ff0d8112a5239c0d52bef7dc5a.cl-A,-0.138687735
47f63180cb42dbae6c0ff3f58fca964a2bb3c6bb.cl-A,-0.065052252
35f093cc99f08cdc8020e344a3af77fd7a8356c5.cl-A,-0.102186324
2a66ea7faba3f87c5a6f4fcc3cc59f8b935b8912.cl-A,-0.096262148
2a1fccb6db85fa249a224adc2c195dc7dd871156.cl-A,-0.146515826
96fe3c36c83ae7df93c70c13e3ead5faea94f61e.cl-A,-0.209913233
1c722998118b56a511b296270ad1b4ebc8e2d796.cl-A,-0.077724389
247ef0b1d081400581a2dfa344f618b45833acd3.cl-A,-0.095996808
203e15258ca320b0cb6591f90041491e2e5d1fa9.cl-A,-0.089771606
32cace82ca7884c1727ddae87d136c10a5195d51.cl-A,-0.210184201
17e72dca86e46fec4ba0353563d703656299b22e.cl-A,-0.092930114
62834f299b6e296ad0b394402bd99505b5dfc24a.cl-A,-0.092853904
468973c9cb9f0f906cbc2f90f55d711997dc9357.cl-A,-0.164070711
4798f5ec0231f3f7c4835b451bdfabb2e1efcbbf.cl-A,-0.108795576
151b48cf4a90debe6dce21ed1bec50982586bcbf.cl-A,-0.171889391
55bb5a17a94119ccae0c428191e53e16dddcdd2c.cl-A,-0.119460565
7e9cae703a6c4536d910f52bad1da1296dd3400f.cl-A,-0.132618683
9b6c0f39ed371e4b658cd1e6605c472f07cea2f7.cl-A,-0.093010526
1fb2f7d9e46f0808a97ab463b7dcb3da8525439a.cl-A,-0.113659204
a4683ef6f5c00ca884aff2bb70bec2c8d0166703.cl-A,-0.088828866
678007f9084505af540b9a172311e09793edb973.cl-A,-0.099654882
68d0402f84039a6e70c78351bdf55802f0a610bb.cl-A,-0.193386845
a45026936392dacd6d69230288533c02d39d4141.cl-A,-0.192066269
52a85e9e0135caa8a38cc727828e033c2a3194f1.cl-A,-0.089962131
1834a2e8bcfaeb9a22ee8558ed2f56fefe49e998.cl-A,-0.105370203
4eb977b9797dae15e09147c4d47027fbba1d0c14.cl-A,-0.132013053
4505385776ef2b8d9df7f6bfc7875bdecb976b05.cl-A,-0.227848713
29628e82a077b8e55210947065255f119c756505.cl-A,-0.257463879
3231d5a5fc899a82b401e9232e28f39b10998b01.cl-A,-0.086469396
6d2bfd85030be105a5227655f731b39246e208cd.cl-A,-0.065141163
7950e029ddc6e64adf265483d863ebf47efc637d.cl-A,-0.171486518
3bc812744eb629dd1e0ab8f3d3cdfa5215e4c71a.cl-A,-0.076167378
51a96cc5c4f388d4a7e63fff1f67568a21b5d897.cl-A,-0.417475104
2936281cfeb6c6663eec36f141e7a1bfcf8ec96f.cl-A,-0.524727819
381c0a78fb9cb1f71414cafda1140c01aa27791f.cl-A,-0.229696004
4e28574bab153f43e7a25c57c7b9f9f4e88b104f.cl-A,-0.102124932
54dd526b31b599eca0d61edbaaab7fb4f14d443a.cl-A,-0.451092135
4d1365ddc431644d80af03a27a9dc35ddd88fc16.cl-A,-0.089962131
0a8ed33a6ef084d2c9340a8888256c0a50ce753a.cl-A,-0.15575764
371ba4da5ae6213533cd5335a678351e0c5b67ce.cl-A,-0.097673209
907333f9b04f5813a9bbe435f4c6ac5fbbe052a1.cl-A,-0.083759711
0368bd6f883e6cbed4d5051a3ca04cd5d55b25ff.cl-A,-0.093010526
442aebb07518839cd79f4fe84dfd06fbff3b184f.cl-A,-0.138516297
a0e9127cd8c6e7d0cac1fbb58f01927db6180e53.cl-A,-0.233438647
5e49162449d4f4e1587d3a910d17959fe48d9f04.cl-A,-0.05170263
441cbbeeaac524b7d11b7f781ca02216733a1913.cl-A,-0.203569935
61c923142fbd4081a1eb7a912473c0427fd087a8.cl-A,-0.110803301
6c16fab88ae63d9aa159fb48c61666a30335565e.cl-A,-0.102143985
9806d6445f63727afc25b472b7d72d76ad869651.cl-A,-0.092853904
69066b45847d263d471592222d4343883f185f20.cl-A,-0.096632758
6f82aa170d5f3075f601b64f7f544bccbf0dcc36.cl-A,-0.160080435
72334e943a6b0dbec332cb6ae5c17eb050f6aa06.cl-A,-0.146478568
20a63ff8b6efbc77383b015dc784aba9d57b909a.cl-A,-0.103254014
074c7e3dba512a4c47220c4bdfec5a24e7652935.cl-A,-0.092250058
4f05a0102808e94e09e4a8c66ea4065435556cfb.cl-A,-0.240854454
6e31c07dcd158a36ba9fc360bd5f66028dee2d2d.cl-A,-0.117065502
607530fde84158f048c277f64d25ed1163700aa8.cl-A,-0.106722411
7230b5bd4f52c08a5feaa84d24c11a1f28b2dc6b.cl-A,-0.061406287
9d8da27805f88d796c26f5bd704b7ca1cc8016ae.cl-A,-0.036631511
52bb59d02496f756b099a957542d37fb118dfdcf.cl-A,-0.118263034
178cf959e9b991458fabb1edbd28cbf5666900c3.cl-A,-0.102143985
894286ea7f16be0c14b9f45ab019ccfcaff92196.cl-A,-0.276339733
76e8b04f732a5cce625bedae1ce46148e487c571.cl-A,-0.092930114
8795c71b39b3cf6b8d6e80e2ebbb3facc52c2d27.cl-A,-0.240854454
a3d237754e9aae13dfe5b2317d2f7cfac64f7367.cl-A,-0.103254014
535d9f6e5eaad60d927ee449fca8366049b568d5.cl-A,-0.087290598
31f9fde1ad9e917407905e0c176e3db3a1f97ef6.cl-A,-0.098051419
80057d6827eb5f49ae6270746e5c9a24bdbb4711.cl-A,0.045872382
11927e307f998eba97bdde3c160a62f38432c714.cl-A,-0.102321808
91ccd90f388f39ef07d922948509fb2ffa77cda0.cl-A,-0.091003108
10ceb7769657ac3a1c0d95031b5377a6d5539286.cl-A,-0.173631682
18dc0a172f6d9a81398646257304cb2a625487f4.cl-A,-0.379590326
42aff4d60404e9d48ef47b869dc5196d292e3cf3.cl-A,-0.086247891
69787192d131373cd2ac88d0be5f6e80a8975736.cl-A,-0.158272582
72bc0490687bf5053fd1d3afabd7c23b35ce914b.cl-A,-0.129386743
8cb8152c67a4399cd12f0da391ad5b73eb37c71d.cl-A,-0.092250058
6d490e3a34f5ea95e0672bba1709c5f23b84c6d7.cl-A,-0.286316188
17f5986a4ab40cebfbf99853b824f00760cf9121.cl-A,-0.16127765
275d9e2e58a4f4547e4c681c15351c1b7002dc1c.cl-A,-0.131704164
2fde1835cc8b24f561a58057a05652a9260bd7bf.cl-A,-0.083590356
815ef14a35c255a2cc12d96ac4b0855b1285d8b6.cl-A,-0.092889469
1cc49009635a89bec4da57ff88145dc03f396863.cl-A,-0.138004971
7514e5d69c25d2c9f0540b1c20bf2503d9409045.cl-A,-0.122175732
11c5cac1f4351b42d23b5402964544e3953a3998.cl-A,-0.208133492
25f181794b0f3e510ee9bf35bc0f95bf80e6d90b.cl-A,-0.113728325
8e70e5b2a6af3e19fa766f2a7ae0fd0c90df64a1.cl-A,-0.241660201
6139db2c2ccda325db102b08649d9c83cf6164b4.cl-A,-0.191193072
2efc7b541d32b2e64bf3ef15445925bc762c9d27.cl-A,-0.148381933
44cd437ddc0f65ebb648d647fd103a2f32a9fc21.cl-A,-0.162671382
786b90755b95cc1d47df4d75595637956f920dfe.cl-A,-0.518326198
0325c19c2255bccaec91b7b6c01d60d602bb0506.cl-A,0.002615269
03b327c2d613cd448f4f1b8717ae32691d317c11.cl-A,-0.091003108
353a14ae5de149e8e71d86fd75f25caceed3488b.cl-A,-0.089860518
50707a08cf5164e9a564e4e639cd09eae842b70a.cl-A,-0.078046038
1458ad60ffa679bd56ee6a8728867aba4683c19d.cl-A,-0.259796843
6c4da77a26dfc3029eec9302391eab456b0b7747.cl-A,-0.132618683
4934b24fd669400223c4c9045604728ec80d3c34.cl-A,-0.192276946
5102b2cfdadc49b36bb05c2e6f92a9a6c842c897.cl-A,-0.102131283
395e6d92e1a2345b2d3161ff5faebfd3d6fb7e05.cl-A,-0.180640431
45de6ac9cb7159a46f08961fe2c3594ceec46be5.cl-A,-0.085746814
18c09feb4419bb4f596450939a856f7eccaf76d4.cl-A,-0.148908658
686b3cead04d8d06bc15cea21643dd62ac6cb428.cl-A,-0.102220195
5277ac2343c8545351aadcbbd1da3137f2647653.cl-A,-0.119019989
485d413b236873c224ba85f77e119d9bd2370dac.cl-A,-0.161311521
992705c53047bf85316bf74de991bc3d0fdf9d53.cl-A,-0.128131557
106524a8d56499ad3634ef39188fa32f5da48546.cl-A,-0.096262148
6e27c6aac1e7f5fa601845733b23185e0212bd10.cl-A,-0.152947002
1a67476b8ccc0efcc6b6dd2c152ad0b26f189662.cl-A,-0.141784856
8a493afd5eda721d3b7f5cc7f27511c3068e976f.cl-A,-0.115125069
80946703c3a9b86cc25cb279b3bc7d318e426847.cl-A,-0.093010526
70fce7dac9e48352585b0f084a846f1bf01c17c8.cl-A,-0.083646808
310b4add30edd2a56d41701b8969ccc2b4fc6799.cl-A,-0.08371455
53955a5f27f6e72444f275c107a07a9f6af9ed11.cl-A,-0.107037949
5f90d0758f1ff616f500a209bb4618ad2c6211ce.cl-A,-0.098051419
1f0cfcf0e4029a8805f9cc380a1d0bcfc26d56ee.cl-A,-0.131747712
3a1c3afd58ce2d2705a450000226c9d2d32c1913.cl-A,-0.08466294
6a371f4069449af8f6676e723c7e55c5059301cc.cl-A,-0.080006647
63fc67a16657a56cb323c769fd21a1b8d2018c84.cl-A,-0.089809711
49c237c0d56ce45e5f7a6eef90f33e2c6928aba6.cl-A,-0.119333734
994832cc2a4af0499b063b3964b0e3dfb7fa148c.cl-A,0.046156899
0145badf5ab7f25067ff7dfd29a5fe9500e6d084.cl-A,-0.103254014
805862a54fdca8906dbeaa5df864e5ebd544cd83.cl-A,-0.14892136
347c5bfccec5c9f1add7220d777b251a2e34420c.cl-A,-0.137671603
2bb64cf92a2dcbfcdee4f8bc00a30adb2e4034f7.cl-A,-0.123183745
38d16e85aeeb489d60c593e1b9a31e20bf69ef30.cl-A,-0.062644487
7b900f0d12fc67a17237634c33f483f20521c31b.cl-A,-0.085746814
1c6b9cc7462e87eff850e901790a25f1a3cc9caf.cl-A,-0.158498389
a5610e721b23d7f31ea54292475162b67460d8d2.cl-A,-0.141784856
a24969089a2ea4211c579f79c36c9e4fe86dfbb0.cl-A,-0.17389136
0743e00807734bbd32753b27c7f113cdef20f9c9.cl-A,-0.052796002
30286ee9312124ffa95c083c73373aa506b44e0b.cl-A,-0.268244846
8d5f4d8efc7cfeffb1395cc2896885ede6921da3.cl-A,-0.153534421
7d0ab1f81ed48b4dc1a1067a5822ebe56167935c.cl-A,-0.151155221
33f4cd2ee110d915894ee8a24d0773e304e47344.cl-A,-0.107954184
a43b719b2452a8e5c7fa16e8e7c7d2d51a79dec4.cl-A,-0.149076478
574306d425f8008efeb110d159e0982ae2559878.cl-A,-0.102169388
9508610767600a9f1de2a64ec17ea7f91f162f81.cl-A,-0.206170486
8ea60510ec930ad2cfe125f126e386dae3cba56a.cl-A,-0.137625234
142a0164a855f2b29b47eed5537066464e11b466.cl-A,-0.137612329
53889e0e000f2193b2e1117f58e70aa48be617fb.cl-A,-0.137965152
3fe6cefa342e0eb070145cae875c993f7406a764.cl-A,-0.102169388
23a2287ce7c0dd56d14515fa1c85ade033ba089e.cl-A,-0.278739232
68322ea1ce14dd21502135db2b9496c70cd29c3e.cl-A,-0.243882274
6615d7cca0be9fe7b12c47dfdee6df6bfcddb954.cl-A,-0.130420313
1f4b6666917be2dbec9aed6d51703fa435604993.cl-A,-0.113679904
042528ced29fb273e1a7002ca798c81bdebd7ade.cl-A,-0.1374296
4bd5f18271aba0a2b64dedfaacb7b0126dbd250b.cl-A,-0.14503999
9fdcd2a913179454c600471ded5a03ba34e96737.cl-A,-0.116911846
2e0a70ae0213213d9dd0ecc957c9099f4c996c9a.cl-A,-0.137637732
40ace8ffd9afd686c0aa8c2e16d2c1e9441a0f38.cl-A,-0.13680255
a50bb47fa9647879e26891b8e097a3aa062fb88d.cl-A,-0.077439872
4c9166b4923d4b979ed3a0ae50075e9d5c456722.cl-A,-0.141939357
1775f271e156c60308c5a4cba5826fe1968afb2e.cl-A,-0.083850034
15c3aecfecbcb6ff2881671d8341226724676df5.cl-A,-0.08371455
032c346c131d082394d8309653810498ae92ab2f.cl-A,-0.133767539
5deadfdce576357ef9104c7f18a41570d86d16a0.cl-A,-0.042907439
20a8cdb1deb4450973977f54167c147e9ba3ac15.cl-A,-0.261397248
8aee44fc0aa3c8ec50df9aaa75af60970c7bc351.cl-A,-0.113659204
1cc18bde9909f4fd492c1546e3111c4fc4103cb8.cl-A,-0.142242462
78b6fd9a0d9a9ad7640259fe26c790c6fdf9e19a.cl-A,-0.137608095
6e74cc91e2a93a12a708163c5d6dc5dd15ef8f8d.cl-A,-0.243085304
51cfd51760275b334b74ef1c914aca85e0b796d5.cl-A,-0.121842787
a61eb2d54f080f2779f10cea2664c8797f8b602b.cl-A,-0.093173986
2c61029874d3c472d334bf63d158254972f42719.cl-A,-0.146515826
1bf8b7526ed154699b692e766590eeee3fa8d99a.cl-A,-0.311090236
2fe9c450578fdd1cd6ae680e561f17f366cec038.cl-A,-0.190522051
3c6f9cf244b3ac09eb5d329f7b6af10c74cf81d6.cl-A,-0.102169388
1023702485ec028b9dec15ccbc93aaaa887f27ec.cl-A,-0.203627592
25dbfef82d23447a6b8c253459ed488d7497c128.cl-A,-0.129824356
6943eeb4ac38143a521c3ab07c2a4d65c2f37560.cl-A,-0.083646808
0832a306da3f0b341ceba9ee1fe1c0b4d4f22246.cl-A,-0.089763138
9ad612e02efdcc38d42e99552f798dcdbe96b4c8.cl-A,-0.169917979
6f03b6e2d0e2be6e471306bfdab7da02f2a85775.cl-A,-0.325995835
18f534d15cef15c776e7c114c3d6a552b8a094d8.cl-A,-0.050224873
18d3fe01c0bb10b829c85d5b91eacfcaa5860aae.cl-A,-0.089894389
a5b86e5e3fb3c07f9e4141c390988f5a0898d4f9.cl-A,-0.102479873
1061bd9e77d9d6a421fb2fe6698545b39bd8ce82.cl-A,-0.23281333
8aaf5da9730f653696d7e7d003cc355321e1dcac.cl-A,-0.242727137
170dbc21405f34855550d9bcb35f51e63e31b33a.cl-A,-0.190521799
0101fc457f7bea5c550493f1c84afc5ca59c0db8.cl-A,-0.065446003
664ae7e88743d024cf6405eacd6f0cc0d4b25723.cl-A,-0.089860518
8608b04dca9c9dec248372bf9def18e4b343ecc4.cl-A,-0.146502278
1ff5d88dd3ba5594737f197c8840a1915efcf852.cl-A,-0.110123381
5c4fb7187ebb31ec34c1a2fe8e05ec4ff547139e.cl-A,-0.092930114
7f5aa6d8dbcdc7aebf4f924dd208fa12a87a8443.cl-A,-0.122288636
5fe5e614e4e4a1e7582db52f794a97ac70bf8bfc.cl-A,-0.096147941
48221b21a7a2fc39ac17dc8407728152e4173d5a.cl-A,-0.092889469
8c97d8898537482e64f07e57644e03ff351cfa27.cl-A,-0.103373767
8b021444d1606c51a423c43df50451136b541d7a.cl-A,-0.176090347
4823983b57581aee428c11e916a0a39780f29d3c.cl-A,-0.136835495
9067d37cad83f67a685daf4899c8d1cf72903b5b.cl-A,-0.25933187
380e8626132e7e65840ef3c880c845f13413563e.cl-A,-0.102152453
0816d24fcccd8615b80fbc7b7693dfbdec6436b9.cl-A,-0.146691956
3a6c16fae6ae181101e2f14f12fadff94435f28c.cl-A,-0.147755076
314ec4d7074bb925cc0d1fe07a5ba3026b5310ac.cl-A,-0.028231487
20e9df11b733929430463151f5dcce468f39af5b.cl-A,-0.102135517
5f813aba60a932bfc06bd7be5e7b5ad12e2c157e.cl-A,-0.177955887
32e1872609d3f2e586cf7d068e8774173fb0b9e2.cl-A,-0.102525034
6ef4800055a25724c6366e3a2ceb9e79cb0e4b91.cl-A,-0.191147879
7e3a4452a2770147369d3f13b7aacf4d388f80a4.cl-A,-0.09057181
7d2052ba8811e004e7b57746b9a8a3f554e2dd79.cl-A,-0.122258528
8405a40293a5c1ce196627838867aed996036536.cl-A,-0.36548611
8804e899195ce947694a92f19c543c2d4756dd6c.cl-A,-0.08371455
87530462c18a19e406c8c1de3735954596510570.cl-A,-0.115125069
12a443257d25b8e667ac1330a321314b32174656.cl-A,-0.245212524
9523979b8524be208a76be8db964620aa599978f.cl-A,-0.214658787
40d0b9d6a20cac3b10cca1b978555c99862b282d.cl-A,-0.153478186
170ab6db3bbe1b36197ecca55ad0f5d1054a5a1f.cl-A,-0.180558254
03a9a8739001a8f6bf36e0174a5bc890e4e56181.cl-A,-0.127974375
3aca451b8249e941c446bc96b78bb6bcd77b9b0d.cl-A,-0.131709003
50c55cce8d49d5aa1af7d002818a04ef18f721ef.cl-A,-0.098051419
60e5997b85908a8d8d27c2997b0695d019fe06c5.cl-A,-0.206170486
41a0c891113c74bc9a366c3aa53d98685d9d78c4.cl-A,-0.25933187
5a7f61302fe51af6c1a24adc3e1afd6264db7372.cl-A,-0.102321808
05812607c42186b6e3108dc11feb9f48ed7908c9.cl-A,-0.36548611
0dd5f3839d106a026a897d1daa84f2cada22fb36.cl-A,-0.152947002
6d6b240c15a8257aad9b9aa054dfe710a948e37e.cl-A,-0.1222633
15199a5da9f074209db6014af94607ff129a71be.cl-A,-0.126051001
9959cee871203f58cd6d4e36c2aeb21b7a03e969.cl-A,-0.094149472
58ba5582819d04f9a7f12cf6df5d01d781907ad0.cl-A,-0.183166115
7e1dfcba8bbc9cefd600814b6f706759945babcd.cl-A,-0.102660518
506416159f249b09fc433674c9475db22504e90d.cl-A,-0.177926061
5bcdd5ab856b0b037f54cdcce2c0bc446cd783e5.cl-A,-0.129174378
a63f57a916ff64bb78d82e8f8f4bf723cc9fb1b8.cl-A,-0.099038271
a504011efa8fd2d222ccf48c9c9726fb83ce68bb.cl-A,-0.167556682
558433246de140825f9b7183340d3053cde48e9c.cl-A,-0.091495122
7da00503a17fabf42e6284a0f3b370dc40c05b03.cl-A,-0.27964812
7080a6a69239a44d7c095fd0289fbfc8154cd206.cl-A,-0.102525034
778ea4c527f9532e2d148552cf1639bea9966200.cl-A,-0.081521768
8c2403f0376cb82a1485269a1518f7ef4b2a0f55.cl-A,-0.242727137
85ff3fbc3e6e7735b9fe2ae540c6e3e10262a7e8.cl-A,-0.12795502
92c0888f42ce035e3a9918b7283b647119509580.cl-A,-0.122789184
2d9d9ee6d14ce547db16b347b24b6a3a49298ea9.cl-A,-0.17389136
7767d99512eb1376e5324633dd00c239bb649e51.cl-A,-0.094719711
1fd2149afdbe5b80ccf4d9edc1276950f20c36e3.cl-A,-0.224682894
509af15ffbfabdc27c47421c454dbf099c91129b.cl-A,-0.127945343
08839359b6dd18dc6d6d20fdc112647f0cdbd95b.cl-A,-0.256683524
159fe8bd272295329a4b99b2067bfa812b10ce94.cl-A,-0.109674834
35267f9eda7783d41d453eea7ce29c1d53ca8436.cl-A,-0.196743037
6e382e3643960679495096cf2ade10a4ebbb87ec.cl-A,-0.325995835
1fb0e7253a2570ccdb6e8d8538d827157047b5fe.cl-A,-0.131693277
3cf4544e6dacf15f4b042ffb6bba32d8dc8f51a2.cl-A,-0.107100888
203ee396aee25339ca62e3d48a0781195794a430.cl-A,-0.364654494
334dc68feeb779495c189bd28341e8a907bdcb32.cl-A,-0.379590326
64a7c4c20fda3a7e28bf7cf3d461ded4dc86a2f0.cl-A,-0.154945845
871d4b7ede09d8bf6fb74988f60ac6cd73d013c7.cl-A,-0.149943578
9ad1b06bef7af53494840727a0ce6adfa617a1ba.cl-A,-0.131921906
45b7e50b370c9924ad941597bbcbc2e7b28e5593.cl-A,-0.152947002
45248133af4ce8c8332857ff73438651cb3a915c.cl-A,-0.116209531
61940af8bb75feac14949a95d50f3060adbd7a95.cl-A,-0.518326198
a3786b15d0525addca5f1e0dd654a3947758c301.cl-A,-0.159192716
2d8a050be2850e62dffbc7f720502fbe9a924110.cl-A,-0.089860518
831463118ff100e7a4c3a54c5f5e4dbdfaca8d44.cl-A,-0.163142937
58ab16345df5adc7b6f6b216c5152922cd83a87f.cl-A,-0.177955887
75e93e64acf627f0155128ae04a607c3f944828f.cl-A,-0.152947002
65f6ff9808e76d675e100b270699882c4eff45c3.cl-A,-0.089784308
96a439f93c5825154d08b519e4312a3fc78110bf.cl-A,-0.12784833
259fd9a808af6d08f6eb2a11354cedf9eee1af7c.cl-A,-0.089809711
9b9d02cab75f4d55049a95a1b2b245b39efd30f2.cl-A,-0.098051419
72bb6bd155bab83c2f5ad075d20c83b3fe8c1b47.cl-A,-0.137769863
8ef1287f2abb6cf6bb401d6425f2e933afda2758.cl-A,-0.102525034
552eaa33767a71c88ed6825a4dc73704dd9e96c3.cl-A,-0.149943578
2f1423bbeb6a2b1d44066cf9f3dbfb59b5cde19b.cl-A,-0.129386743
7ef6954fd966b227d31c66c30de0e36f39f15011.cl-A,-0.139121927
10f4999014804108aa9f88c6f4cbe110f8a41f95.cl-A,-0.02799439
2f9f028582b65d8a2716e95f5b49ddf98bc509e5.cl-A,-0.188095943
5a429dff8ab63c42334cb6fa72ecba34940e7701.cl-A,-0.148209379
4172a0f557f85d11c1acd667d1ea13fc79659405.cl-A,-0.083596001
701ea1c53d9e8c0bbb737aa5437a9f9ae190bc4e.cl-A,-0.102321808
89a4565c99938fdd969b197d770cc6711b505e0b.cl-A,-0.08976208
3836d0d359d1c0116bb33cee6c32a15e0cac8346.cl-A,-0.245844783
186d1ee0cab0b127668a9ef922b38933738b11d4.cl-A,-0.129386743
490cf6ddfd9a6882b05cee4cd3d45b2c0b474ed3.cl-A,-0.190922103
438201e237934d4b955bf8556743b91ad05c8da5.cl-A,-0.206170486
4d1b2143bf1f43cd4ce010ab4f2d09b52fdfb66d.cl-A,-0.17389136
33d46c442b08cfa284a9b7beb2ac982705ccfdd9.cl-A,-0.093011405
1125e45df7f08b9106b6b02108de7f0d560e76ec.cl-A,0.00871206
1072cc73037590af519c9d6e8e43b3aed6cecc70.cl-A,-0.173710714
0fa40d8179584862095d19c05ed35871c72e2c89.cl-A,-0.099038271
3d624f05567e50ac9b5c7b13a2b6f7bb08b048d3.cl-A,-0.146554205
82f5b813eebddf1113303f3d3012dc47801e4fdf.cl-A,-0.102163743
305bfd98bddb75fa12d458d88d6c2b871a2739d3.cl-A,-0.177955887
050caf8366122275d07c3a2a788a69af6fbef83d.cl-A,-0.161667167
0c96133bafbaeecdbbb52089d908e6cde4a5bc02.cl-A,-0.312356263
671b49e8958be64577d9901a95fb9d2fe2e01b35.cl-A,-0.130191684
42e605a195800bef6fc0a340a758654fb7b72db0.cl-A,-0.147755076
1abca3ffe79da4968e51360568d97b9b6948b7ad.cl-A,-0.117928337
6ad6ccab5f42d9b4b4c7753cd68835fe7ee19171.cl-A,-0.155880423
9e72200ec991cd05cca51fd0eed70b62b8153521.cl-A,-0.127471561
8f73d236738169b5f5ffcddd959a6f8d6b9fe1c4.cl-A,-0.089860518
6e539a3bc4e856cba4cb354333f38310c9673d30.cl-A,-0.142986084
8189c7a7148457cdbeb87c99ffa63e5b2fab8d88.cl-A,-0.171486518
47004080e9be6c39ca70cb3f9e0e54e2ca6bf4dc.cl-A,-0.167065006
576d050ddd6cb319c4e5f81990209ba389921298.cl-A,-0.096632758
64c482e82fb137aa2fe591e7da557b05f80c8fdd.cl-A,-0.145876415
655aaab1aa91ae886cff0275b26bfb0f2008718b.cl-A,0.065934591
2a4eedbbd823ca98249bcebca33cfeb272900c04.cl-A,-0.077561808
91ffaa7b229325025b9c2b40b04c48c8d19462f1.cl-A,-0.078046038
8031d6a75c4a8071e2a7019b54fc826e0116e906.cl-A,-0.169298622
424bee1abae7edb5d2f55e07a09a17da18d6c7b5.cl-A,-0.139121927
33196bf66ab9f91b09231f572be2da7ac93a85d8.cl-A,-0.167498617
7068ea83b6617f82e09e31c5f72085a4ff2ea4ef.cl-A,-0.180866238
43a61b2dcf3ed0eac6575f0d0ebf4adb04928e9a.cl-A,-0.165965076
2441d2fc6372272555bd4a56f0927d54ac9503b8.cl-A,-0.139121927
3b61cc60edac0c516a86e16ce3c1a2cbd51319fb.cl-A,-0.1467452
2ee0a7293165c22122940dcf24db7bf94116fae9.cl-A,0.06015393
13eb9874583a12876add866e786edf7ee5246345.cl-A,-0.091926652
013bbfdef9395b6f598f54a7f699fec3c66a4ef1.cl-A,-0.129174378
1b271ef873327a8644838f69c86f7b48d99ba4c7.cl-A,-0.158115193
4b29646f04971ed3baf9e1edd9faa5b183f6cb81.cl-A,-0.089962131
1c9ef54d2b0618f749eca95c3b7b2438ee62dfd6.cl-A,-0.083612937
29a5749ad684533de4d4d816ac930e44944e24a0.cl-A,-0.209413635
22c3fcf8abebc7704deacf156f8b478425d0e40f.cl-A,-0.174162328
0ae2b1a4df0503ac1ac002820a5764a6be15d54a.cl-A,-0.077439872
773be499d9f5c8d014eecfda7dd88c2f5bd97c46.cl-A,-0.122213367
186d381a259987ee0a6a32db4aa0e04559fe04b8.cl-A,-0.209642264
0f2b4492e1b802449bf1ee0e9d55f57069f60003.cl-A,-0.155846552
5a726e92290a1440ab136059e4501238a99e3a69.cl-A,-0.087914562
4846897f066a8e6cf436c4e7e8c846092f93d9a7.cl-A,-0.058867528
189a104f0c5979507a8af9e733b5e7cdbdf9c98c.cl-A,-0.13171868
42c6f33c9ac385c9cafeb13ca93e1346bf37c981.cl-A,-0.259796843
562d4b4a3fb28b3a0f7456ce411fad3ff0a03363.cl-A,-0.093011405
11e18656fb6974e0b2f7012513b395cd52a4fe79.cl-A,-0.168751427
6c093a4e06482f8d583c349197c5d63d8cdc1555.cl-A,-0.131693277
1b1dd7e71b3c07955a32391925636eae4a44e22e.cl-A,-0.152947002
9d4534a4235fd6398ce825879b78d9e756250d9d.cl-A,-0.131693277
35d168e4ce239e4078a254812caa0b77edfc9f3f.cl-A,-0.233168976
7293ef38312ad330b96a0ade23be5abfcfaf5cb1.cl-A,-0.092869146
21bfd52659e612efe98348bb96deeeb44d5ed6b8.cl-A,-0.18802914
62605b54bc1e53ba2f5b7a199dc3d8c7c8445cf9.cl-A,-0.138687735
2a390ccc2668d8d47e91e0b88013300a4de9d542.cl-A,-0.245167362
248e2299291b4877ccdbfdf1bcdfa4c19c542822.cl-A,-0.468303525
723c60c4168c3917f872c776f537e5cfddf4aa5d.cl-A,-0.092930114
0afe27100028eea11cd93d3b5a6ddd878232907e.cl-A,-0.087403098
9b100f6ada872440bd3a6419e8d3b850ef64a583.cl-A,-0.094838259
978ef83fc45eff05d8aa9eb3af4cef027df27e7d.cl-A,-0.187927527
7325bf6c2e3e86257304760d87347893aa99560e.cl-A,-0.173981682
2f04c2480c6ddc9e96047a20e25d412f4cfe68b6.cl-A,-0.160184415
3212dc11df4bb7026f60c45cdb34bfe55bad0bf2.cl-A,-0.242988327
23f6a68e5717b7f08b4a0f081f2ddacc3a9de318.cl-A,-0.213954426
24b4b5a62567eaeec3245da43830c029dfcc0161.cl-A,-0.209388232
3b8fd9bba3b9b48a721488e865c3e470bb9c0108.cl-A,-0.077480518
51e6b0dae964e5846c865355017672ca28e95422.cl-A,-0.193810808
606ccaa44ec1e5ec90291fc9761aa6e5a8a1ea4c.cl-A,-0.348107168
1769925f2e36379f4c5f536ec953d75590ec4c73.cl-A,-0.089765255
a4152985aa8353dde30d59affbe9cf11e4c1ca2e.cl-A,-0.135238542
3345bbb96f04aa686d3c7a1eae63df509206f724.cl-A,-0.276339733
4cfb08639d00c9c9167d9267fe5ac27117d48fe9.cl-A,-0.226898784
565008127b942bd99963dd524a03a64ceb5f1984.cl-A,-0.139121927
678b0e993d69e45f21b2bdd22cfc723d8aa80439.cl-A,-0.227848713
6c3410858bc47a9f2d4c6596fc5f34ab148129cb.cl-A,-0.155795745
5f69d855f049a94749d0a5a42ab04f123829161e.cl-A,-0.094838259
690bd24a3e54c365aed5e0cbb8ea3729f7fcdeb8.cl-A,-0.131747712
6c9c8135f1c9a9221c909429e66ce704235841d2.cl-A,-0.154945845
1485d0168a7e8c317292b51e6ef802f7027119f9.cl-A,-0.137739345
4945679dfe2dea73b444081888a94a8ec4bc76e7.cl-A,-0.094719711
33439171c23d3943b3643bdfdb40948d54fe1d4a.cl-A,-0.115125069
6d6b302ba77c56ce01fd35ed8a6d86f160786df8.cl-A,-0.129136535
599f0177469f975bab93943d7c69e72e22b2cef3.cl-A,-0.10238955
1b2baba85b8b26687036f118e9b7e8f5b41ff0ce.cl-A,-0.137612329
2cd2ba30f3393abbe333a286410d29ba91744599.cl-A,-0.219604492
7e5302b438f2fd0436bdc5e90d187b9d2314407e.cl-A,-0.113679904
8bc6fb4313e4ac15e8a1d544ecc2700c842e1515.cl-A,-0.093011405
3b890c8e755f87f4f6878ad7cd1b784b36f39ed3.cl-A,-0.156880371
50cf4a92f8bd5392fd41a232f9763fa439940298.cl-A,-0.117016084
626956a912b68ec615938f254a38e6a51e1b6136.cl-A,-0.110789573
4f3ecb15c5c2261c7d24010d74ce44b5e5d4b7ea.cl-A,-0.363848747
6c139e56049bda3dfeda6816099de0431a6e75f5.cl-A,-0.115125069
1b6555b4bafaf1311fbd63e393ac7a494855631b.cl-A,-0.15991717
4c5bf03be833baa860d92c4da261700de38c0b15.cl-A,-0.098051419
417b3860c3a50aac0087b8dd323e1643f46c79a7.cl-A,-0.065045901
64b115a9b264248290ca106954c762d37256fb07.cl-A,-0.155761874
7ed3528e43c4da4b6caf8612751c83234b64f4f9.cl-A,-0.12713562
943a970cae4128adfcb8b4057e7a1f9f6da79f73.cl-A,-0.202903526
8d3d953e255c30c2f1ca34860b178f3012ba9496.cl-A,-0.094736646
43bd2c03e3302a49bcece224e079686a4f7c9856.cl-A,-0.137476392
8dcaac8a2fb29825990e2f15f1878bdcbe8096f4.cl-A,-0.127964698
06abe76c4bcc72960978769232f70b5e252457e4.cl-A,-0.02799439
4a69c6e5212cc1d14f616a1a397860de62377e22.cl-A,-0.090165357
98036085c1dabbc1d6918790fe12fad9c26e1246.cl-A,-0.089784308
5dff5b9a0135fade5c85caffa7a2966e494e2d5c.cl-A,-0.096054872
78f99932ee6d52fd581bba5567037c918096f5f5.cl-A,-0.137637732
2625a4c3911dc3d1bafa7c2ca230150ba70c53f8.cl-A,-0.190888232
61035372524644d31786f141576dfc0cabc5f71f.cl-A,-0.155770342
5c23c20bdab821fd9ea08611599c774c03e0d58a.cl-A,-0.089765255
373b51298e2c86150a9d3919038ae06869e1672f.cl-A,-0.193810808
61b3607ea739bd6907ccb9706b67c04b60c20dbb.cl-A,-0.130413091
69ebf4fb3632b1e58701198910e84402dcb82ea1.cl-A,-0.102135517
7d237ffaa9c6a0678edd001a3c222ba60bf81703.cl-A,-0.183450714
31ab703d4f4a0bfa029a40a83a2fc3e170248289.cl-A,-0.209642264
82ca0669a356a51d2a56529dbc010ab16ad5c6fa.cl-A,-0.083587534
5936a6eaa72a252bdc79948097ce4776db14fd7b.cl-A,-0.102254066
1179d149becb8ea0169bb276b55125e5267e47af.cl-A,-0.154077911
5ebd91e04e35c33d74da997fb1b184ae45b32f35.cl-A,-0.174018175
3ebc9e3acccb2e58dda3c6bb8a03aa4dbc5eb305.cl-A,-0.151140167
0bc6f4b166dc6a2b167d909bbde55261ba51fbf4.cl-A,-0.162886525
39deb46abba298db227befd2afc435c522d18667.cl-A,-0.190701235
0c0fd8af5b2faee0c6ead70353e90d5da583e258.cl-A,-0.112447369
9630f3b95f57a5fef49f05335a91820b69d3ce86.cl-A,-0.087528217
40333d82d2389c7d0bbda5bbeab1bac5719a2045.cl-A,-0.122258528
4483ad85562f56bf529359c413033a2a9b9dd3c0.cl-A,-0.091569734
75d322857025c967c2eb8c653c7774b6cbc53224.cl-A,-0.084301648
95ba0ca659c2290a4b6ab77bb8fd59e323806d63.cl-A,-0.087301485
1d3f2a7ca5340ea930f37a5c0bd8c105bcaa7c20.cl-A,-0.089860518
53396857e4dd2fb3bde85be615ada8390daa7c43.cl-A,-0.094838259
852b249f50b4e2f13b7efc19e67dfd039d963f4e.cl-A,-0.102151527
3b72262614b562d3b75e43490d7666a0639de26f.cl-A,-0.213823831
5f93ebe7c13d7b7846d3f7088085ff79e53a36a1.cl-A,-0.102525034
4db92455f848420c736ae5bb71576049a8abca1a.cl-A,-0.065852456
046615f0b47a769e4ca7384b859d0713dceeddce.cl-A,-0.208304359
12ff754446f819158c6a4227b8cc60b6811bb764.cl-A,-0.077724389
162fcf7bf99ed080314ae2f13837fc944b55123a.cl-A,-0.193810808
671d71f99a5f7a88382d0c3c154a5f5e0992a4f5.cl-A,-0.128131557
97d2541a70c63189c366f64271f35267921e3134.cl-A,-0.172360007
a071b7f9f0b44e3beda31b89b467aa006e452e78.cl-A,-0.178669171
378ddd13a5e7d61e39e6571c8426f1e7500776a4.cl-A,-0.206170486
3c0f98cd1a23f8a9df34b61dc2d39bc2252145cc.cl-A,-0.092858985
054408afc5bc3fe54255f049d4044e1a7066fb2d.cl-A,-0.092853904
2d852f39446cb6bc7fe463b66b3e673bc9220426.cl-A,-0.158317743
0a8d3ab97e3ec03208abc7f28cbcd4a13f126cc2.cl-A,-0.13787483
33654d65989467ed0b34a357b7e086627fb60503.cl-A,-0.182291383
55192935b978b734b7bb7a996c4174edb5ed8035.cl-A,-0.440866332
74690c950bca61af2c945c9b5e135272d981d054.cl-A,-0.205522401
a037e5c7b7256ece32554d1aed5a321fd8676922.cl-A,-0.153478186
8201360e7cb05d03776c63de8eae516a1fdd7fef.cl-A,-0.146274853
397f2e21d7e7e97e22d48e98de2aeac2bb43dfa8.cl-A,-0.119743293
2e6c0f0a92d413e8a40c56271cad9fe4c89b79e8.cl-A,-0.089771606
94b00ede9fab2e4e867074088883cfab32d69153.cl-A,-0.190876942
28fe291ce5056bfc2dbc9106b02597dc8be8bac1.cl-A,-0.207770891
363ddb6b07f3e2717cab136e6a43190dc3f9a9b9.cl-A,-0.171486518
4ab4823c5f96b0480a35af5e969dc2cb559499b9.cl-A,-0.077404308
50dfda9bddc19452240390e0e9a22602b1d24fc7.cl-A,-0.190848716
53427f606d4e61a65d0d090ccb64bdd882fb775f.cl-A,-0.102931487
8b36efab73f8bd181d170a36faf6123dd67eda36.cl-A,-0.141784856
69b32f4d6a3dfce9bdfef912745bf4037d0ffe64.cl-A,-0.141784856
6741b35030b7a1eb634bc37e6af62b1551b27ecb.cl-A,-0.207213306
1fdedcc68e1b73fdb4a40bc2b416c815fc3f2030.cl-A,-0.087914562
28a42cd6399a947f557f6ab00f8d320b061d63f8.cl-A,-0.111535644
8496a4305ca3a7d284595538f6b0768bfeb80ab0.cl-A,-0.139771609
5520fcca4f18a36b082d5ba6940f4cd7d624a027.cl-A,-0.180685592
682be8ca05c4f6fe5ceba1af2f0526fb18cbcd31.cl-A,-0.451092135
963d028f3b3ee7eb2cf8e6310c592c0743c81178.cl-A,-0.087519228
4228595996166ce75e2eaa8adfa006d58623242f.cl-A,-0.122190786
231e40c77cbfe7aa7c9663d37ed02e7670700cce.cl-A,-0.172326136
6090ac0ea406d8d447745bbbee3befe8526d759f.cl-A,-0.102186324
97142f5dd2d9a4d72e13c5922c6346a75b34eca5.cl-A,-0.110789573
2a18e3b5d10f623c3033f28a36bf21ffaded9247.cl-A,-0.122797652
3705591432a76e8ea889188ad191fcfbade7dfdc.cl-A,-0.212080981
89d00e30fa3ddc3c033ffd9bc954eefdc7b084d0.cl-A,-0.11577188
0c0d90126c9fa815f3e31f6b2e8ece9a944c2e7e.cl-A,-0.083612937
5402176bb78c3a4a5bdd26cc477b9e87ef0d324c.cl-A,-0.092889469
3a27a00b5b37c50de874e3a5775a15a30c0e99d4.cl-A,-0.02799439
6973fa87f7b67607469dcdfcb74d970833907580.cl-A,-0.128131557
8f273b80dfd201ad88eed5e2da338bce53a32c6b.cl-A,-0.071241352
68a0f7f07a2050993e30c9ccd165f5f8fd17c1df.cl-A,-0.337612782
8a3c51ca5cf82097d4e6b75bf260e5afe974ff28.cl-A,-0.379590326
5eff0c56617574ecb8b0e100a2089048a48eef1c.cl-A,-0.116603667
927f95c5ce4d3a797e3f0a25ac00c85298b771bd.cl-A,-0.096262148
63458fa29d9d71b86797de8f4ca5fb54dfbe0d55.cl-A,-0.12280612
8b462b8b856358690f52ad86a0ac70c269cdba05.cl-A,-0.137239294
a62b3f523db8572a346a521f1177a614c30dd2fd.cl-A,-0.171486518
11d5450cc086206f2cc3b67e8ec16d190f747a72.cl-A,-0.245144782
54e343af741209c20bb366a4baa119b6af6700d0.cl-A,-0.08976208
8993dd266e6e7afa4bcd2792f05e840379524fff.cl-A,-0.089860518
65a02fe1ddea7dff7b12d2982157c258f08bff8f.cl-A,-0.092869146
71e343da2623f17e1c115eb00eaf5e937f15db84.cl-A,-0.244055264
2be7527130480aecc11369c1edb70a40b4804b3f.cl-A,-0.161418763
50266290d3f0b9d68e9f1b9cdbb8235430b84243.cl-A,-0.298221611
096b0c459f0a731a0b7ecf58b634c996e2a85e72.cl-A,-0.174162328
31737c6a0f3a6a0500572c46981577495101fa20.cl-A,-0.123131649
7244ff68301b73f6ceea6110ef378d6585042ba3.cl-A,-0.159220972
7151c94a507a92dbec61115236249b0c41a6b339.cl-A,-0.095786649
2e8e1928e37fc04f5588e469bc3bb80b46378e84.cl-A,-0.131805777
18e3ad8a2925b0fec0aa41bddaa6efbe71cd52fc.cl-A,-0.102931487
1f344dc066a0ca88fe87cb7c8a18168b6925395b.cl-A,-0.122890788
128f7af4868d24746cf370896c893b4122861ddd.cl-A,-0.131709003
589952d521bd84013f21d861ab38804fbc92634f.cl-A,-0.146800343
145801ea96442ac11ba308d8c97e9921673a07f3.cl-A,-0.209388232
6a75300f8d45d5b4a4d12e063c4eb9bb16692e7a.cl-A,-0.083612937
6940f4cd2b9f3e588cf6686e2b60088dfd3e18f4.cl-A,-0.103744392
11ab0a768a7baf0d1e5128b7552df5e7abfce355.cl-A,-0.109828065
6e326382ff18576635df936bdcdd8559e6a9a42f.cl-A,-0.259796843
21c8f75c0661def9436698b9b9a0e1d2c62192b2.cl-A,-0.102135517
9ea01797b5d810999e299841040516feba243663.cl-A,-0.171486518
4f642fc3360c2a53ea59139ffe2a8c59954c0d20.cl-A,-0.137612329
9592826d626d0ce00b3b1c0060b30f912f72f496.cl-A,-0.137612329
2eedb304fb7bb47787b9bcd9e436c7bfa5266721.cl-A,-0.146274853
71c64cdead5437f84f5ab344534e9bde7f4cb877.cl-A,-0.102220195
39b286fd7ae32b85e6d88a0c9c717bfcd010d9a7.cl-A,-0.297862713
495cb10fe253f5a750c658dec581007f99d5c89c.cl-A,-0.110789573
3a04574e83b98865658b0ae341c902f6f54b7294.cl-A,-0.102169388
67893b4ecedf40b60f428b7102fa1740183a0b83.cl-A,-0.122190786
8c14dbfcd96ad2110f6d0c590755ee8a4b90e0ab.cl-A,-0.102169388
3db3a971da1d225210c3e918c1055b9549841fc9.cl-A,-0.089784308
9946df67957e64ada1d7743efbb1c6d545393c09.cl-A,-0.161328456
9257803a813a574df8a40918b4007aa1a8d8e318.cl-A,-0.156880371
46dea2f8165811329ad8f1dfdbe2f18e09f310a4.cl-A,-0.158142713
42bd8ea931cdaf59922ac3b8ece72c169f0ed05c.cl-A,-0.065090357
4dc5b9396191c5ef3cdae6582e913d6b2f5d6162.cl-A,-0.137637732
0f0ab95f2b892ed0265aa118138cec048541f3e5.cl-A,-0.122183259
2bf3b4219bebfc19d91f42ce1c926012a3740289.cl-A,-0.173631682
9009221f51bebb30331bd7b8ec1aec2ae8d4024c.cl-A,-0.119450401
315771b5f2af8824a54bbcba08444e06dc4d7f5c.cl-A,-0.102169388
8107f86a78d36203aca5c42d50a3ee31a6c442db.cl-A,-0.094973744
4e1e8a6bb7185655ba5f7dae57cca6a68cc70873.cl-A,-0.146554205
6f89c407a24bd74ee855ff43c555b234996866a0.cl-A,-0.158377958
98511fa3c4139e2d5b189f458647762db74eca21.cl-A,-0.065242776
0df6f8d549c980ce33710fb3a040d498119d67c9.cl-A,-0.106454077
3087f62a836117909693dc4c15ecff272efbd487.cl-A,-0.15737075
2df181fdecf9bc902ba3ecba02e6091ef40a507a.cl-A,-0.093011405
88364e06ac65fa7a18d918e0fb952491afce4598.cl-A,-0.180516237
865a072212fa2d986823b7ca0230d1b6c7de3f1d.cl-A,-0.065052252
110e36a13d645c2914237e66deccff6a7c997fc6.cl-A,-0.451092135
449531a637c8f33bdf11263fe6b9c5ea657be851.cl-A,-0.259889735
0dec230d2dadb5cad6febb249fd6d30f2bdb93f3.cl-A,-0.203775422
0a9bd258202bee8f9febd6d36f87e6c2c6073515.cl-A,-0.084121003
3609e37e9cd14b5dd99a144bf98f797a6badc8e2.cl-A,-0.155795745
4760b24f9b80fad8dea9c5f1c18abbe8cd7ff844.cl-A,-0.183450714
918c94f277dd848853d75598f33f3093026939df.cl-A,-0.228494776
1f6e53c681bdac01a09f436c9c77d27b71fd6220.cl-A,-0.115125069
445b0e614d2d46951cb5c993e16c141e1e4ce334.cl-A,-0.206976233
3bdb5c71bd0b38b3f0c2c36e166dc8a2ea3ff88e.cl-A,-0.173624625
7ca210368c798300be95dbb1df2a52fc9d99d865.cl-A,-0.094149472
7ec4397b86fb5f596e0a8d91fe452a32108ad6bc.cl-A,-0.092869146
34d59772cd5fc3469aa01f4007420b985b189eff.cl-A,-0.083646808
19302054b1307a5101add8f8bcd17656eb60db54.cl-A,-0.518326198
965a12754284a181b7c4d6bffc70f61ea75df5ab.cl-A,-0.147731608
1080094dad2b9cd0e759030072d3fc05be0b349e.cl-A,-0.119460565
6e5e781a740109228ac173a919f75fa14d9e4cf4.cl-A,-0.083596001
04de5682c54255d01500cd5e2c17cc65d1745d04.cl-A,-0.391928221
1961df1f05941e70eefabbe6e28767b43dbdb1dc.cl-A,-0.083850034
2b688052d9990d42fde70ab4bd0d964e4e4f13d7.cl-A,-0.11577188
4f1143d75a8d80f69a638b9951d8282bbb267ae5.cl-A,-0.102321808
516181083c02d3846354bfb4099414bf11649947.cl-A,-0.219917916
1d4bca45aec48aac3c8f47b569c482adebdc88d9.cl-A,-0.173654262
606bf24adec720c1b853ca8dc277c7aa0047cf8c.cl-A,-0.301303514
567df7d2b6bc310e2e66ddfa49f7639b835df101.cl-A,-0.174162328
68aa511cc8b1da5c0c97517fc9fb01cad9f3f5ac.cl-A,-0.102138904
6f21f761d652693ac6ee4d5b8e82c4f7b29bc01e.cl-A,-0.137340907
50b3e686f0a530c55f4ae98aa3e52658463a0316.cl-A,-0.124387204
97e151862ccc148b4e8e89737a7604f5eef6bd41.cl-A,-0.125611422
922b72aba29ed0cef52e0abf0df75e04b5d11afb.cl-A,-0.03374118
053880507eb6fc2ed40d8979225ea74ea8ad71e8.cl-A,-0.122213367
011cb6eaff0d8431d380597d216780676df68344.cl-A,-0.174267202
0f467ce881e298cc0512aa69c88cdae407967054.cl-A,-0.095450121
29f1c298a316994c764d498a23cd68ca071b61c2.cl-A,-0.14009776
19d79e434cade63ac33d543fa8ab69c7120d1edf.cl-A,-0.102131283
286be27c4974dd5f5288320e0e27fc79be354898.cl-A,-0.329567652
9635d233eb530ee07bac65e81f667b0234df832c.cl-A,-0.092930114
a17eb71ac1856bf817e3356b8bd4d8e22af3398d.cl-A,-0.146583568
1b3913bc3368a7cbbc5c476956340195da951ce8.cl-A,-0.085746814
0b959adc622ceeb8bba7d591fa883f846381b67b.cl-A,-0.091003108
7688e42815e2069db9515a1e0620771960ed726d.cl-A,-0.18794785
694b608cc2e19360a341bcfeb967400c1fadd9aa.cl-A,-0.086469396
153f537b112d3ba57e166ec2e29dc3babe45ac55.cl-A,-0.148209379
a65ec87aaee54b7b387de4a6660ab5738155551a.cl-A,-0.119460565
76d019aa3943bfb9cdb5e61a1a129e6e93f95601.cl-A,-0.122907733
37387d515019675c4baf1ffd5558e33f7e03a964.cl-A,-0.091384715
16098702ca28cf46e0ad182d4b9b7e5be2516b7d.cl-A,-0.102131283
65831420c022f29ca204188df8b44742d0888d7a.cl-A,-0.312356263
07084b7fa7ea7b0763fcdc3abf5ead30cbbef492.cl-A,-0.249104517
39025e739c1a967bbb163562c8de9f38adf6faeb.cl-A,-0.206976233
42cb996d3f4e4f8d0d0d3664dcffc666bce2c345.cl-A,-0.153030607
3a28137555b573043ec6be4ff691bc4c67d2bc69.cl-A,-0.173665553
5734d9ef74bb70c985e879a31404bc470dad4fde.cl-A,-0.177535761
50484fceeebbfbc475c9ea1b20b9ad3364779ce0.cl-A,-0.191147879
478ec88bc91e1a119a9fc007d8492ae231aa4631.cl-A,-0.173093979
0cb3bc433962bda07b1df7a606897624e09b5ed0.cl-A,-0.077561808
21e9bd9a634604ef9c20e9a6dfcda631ce17bb21.cl-A,-0.140472383
113b2b8f1709189313c81e02e962e69fe9409105.cl-A,-0.417475104
8a2e9ef9b1a78ff3677a85d4cc3a8972c5aea099.cl-A,-0.131921906
1c086832da8fe31e8d462f4f4d0e77ef63f911bd.cl-A,-0.092869146
8268bb7d8b207a5e45cc2cca06b0a2dd89a59559.cl-A,-0.206170486
0e99e608cd0dce43b464a81d7dc6979b01295df4.cl-A,-0.3134232
5c82f0f72c7ebe789cb874c02bfd33ba3ed749fb.cl-A,-0.102152453
0fee943888f25ac9dcaf233f1f112155c8bbe0ae.cl-A,-0.091569734
26a9fdbf9a600848b727d1a71224d0e61793dfb5.cl-A,-0.094736646
191a36333cfa7024dd82ea767caf81d202d7ecb8.cl-A,-0.094770517
1e93c3b7b141aff5e94f8d8392efb145a4e1b0dd.cl-A,-0.12217385
346a0d2cd9dd92044bdc20ab46c9cf98d3cbafa1.cl-A,-0.102169388
5e70b89ad319e1f17d81589eedfaf95308b65d56.cl-A,-0.132665481
758e4922d7928fbc0270fae57fbb285c8087a207.cl-A,-0.110789573
87ea1ecd068aaddcc91745f48b9b381627c11bef.cl-A,-0.137612329
206bf0d6bc8a340e97d86118803e8f6a3acddd23.cl-A,-0.102169388
4b087bdfba2fe2e4f7959141850a07a4463ecd48.cl-A,-0.158210456
4cbd7a4febbe0511417f54b71c0ccbc099eca425.cl-A,-0.13787483
9cc17909866725a870360c7f38bdfd6d979dc909.cl-A,-0.077480518
6f8026588230468ee21b8ffa25c59eb55bf7fc64.cl-A,-0.138650588
28f0fb72af97bebb6dcd81064870d6197320fcdd.cl-A,-0.118263034
9f6b5f0eef48331ace9d9563a1d239aea0d90230.cl-A,-0.118263034
75aeaca9920d2150ab730bcd8098ee4f78dd833f.cl-A,-0.141784856
72126365aac60979ef554397e718114277392cf2.cl-A,-0.200535088
316d2504adcc65650baec11c441aad0e044a9f98.cl-A,-0.122348851
5dfb2056958aea1007fff65a715fb608f2f949cf.cl-A,-0.134745068
24fe0d92e4a73c3b34265ab5368b306fab771288.cl-A,-0.268244846
964f28dd0e71d973a05934faabe6121d23c52a81.cl-A,-0.083612937
483dfd96f75f73a8d6eba41c599b3502dac0e37e.cl-A,-0.030128267
35c03b5758fdec43e46e6d67f04de3293def8479.cl-A,-0.20806575
7555a3c392fd5a57078262e909d14e765b0b728a.cl-A,-0.158125778
20b5edb152dc370a66cd516c722092561e2c09eb.cl-A,-0.182525461
9cb1dea87f07e66a70b84fccd575f87e3de2d0f2.cl-A,-0.130420313
69d393a044014464d1ce9503dcd44e800451f0c7.cl-A,-0.103254014
9821abddb4a497603a0dc8fceff9aec529be9c0c.cl-A,-0.102321808
7088d39157d928c7bcf491bf56fbb7296a164a92.cl-A,-0.317436916
8988689eb3415d92ee54040af71edb97404ea58c.cl-A,-0.089860518
276f728141f6cefe7dc59443082050d6ab75c5db.cl-A,-0.087301485
7a0dca77b1785d46711cc39816d3b0ea9bb98a8b.cl-A,-0.213286666
8f695a0b09c5fad90b4c8b73ed01ed0d8165e535.cl-A,-0.135280975
7a27b3dccd24c7b19c02a71ebc6101f5257c14d3.cl-A,-0.094838259
28ab96b69aaf0aa1e42d54bdeef1017a279807df.cl-A,-0.08371455
4d2c51784df86ba00e8998e229da8c06893b1183.cl-A,-0.094719248
579809135d4a846d99dd867bdbeae019d1eac61e.cl-A,-0.103254014
14e0086470a08c1adcbb98976bbe1a177c6c6a5b.cl-A,-0.083596001
8378df7b9c81bf3577505cce9dfa64e9131b1bb7.cl-A,-0.151677776
5a6e4013e565f939f38aa34580c81740ff4322c1.cl-A,-0.129386743
2e04bef43a58284abbe41d070f9d91f7c188dd02.cl-A,-0.086230108
743e1482ac410fce89177e88c965470315db25c7.cl-A,-0.112044759
973eaadd028a339bd65e1254e4e05d0d2ccb01cc.cl-A,-0.121814223
6ddedeea0f63f1a467003f2c430bc854859b1be1.cl-A,-0.129386743
55eacc6ac4f3a4cfbb0bd8abc0b6fb390ef3422f.cl-A,-0.134469585
18b536b1a57a954e24c2c1c33d9f9241a9f98b52.cl-A,-0.097305234
5c7b82d83755dc6048f0e540838cc4d4a15e890f.cl-A,-0.119335616
2b34f4df7c3f5694b8de3331999b2326d46115e7.cl-A,-0.094149472
5af59e20af561d72c737c4e8ebb7bb29764e61ae.cl-A,-0.193810808
64cc4812c217bb4a221f42a6f2175a6007c5c27f.cl-A,-0.161328456
223811fad4a597b130a31ff34d64076135822f13.cl-A,-0.087294227
885c44fc0a892da46daabb831e32d056ffa3fc79.cl-A,-0.130265474
36f41895b8be2fd986c301902e05115f56403941.cl-A,-0.108621825
4c642017e03da4a4ad5707cbbaa346549c07bd15.cl-A,-0.20950678
a670e8ff362eaae5eb70bcbaed23cd018fdaeb7b.cl-A,-0.106282837
5a67e380904f3ef7ed531c53d58e3ae66e8c52a6.cl-A,-0.164070711
a21b857c7baedfda6f46b483b377a79ebaa3f729.cl-A,-0.122258528
36e40658037b07c5c672b12d6d333ce58ffa1d8e.cl-A,-0.160640751
209c8971a90de5844e3eb797da2bd1461bfa4e06.cl-A,-0.171486518
1fcaf6513bb08f1ae788902e9e3456a7537473ec.cl-A,-0.092858985
45449450668a5ebb21fc2d29122774a3a7f595ba.cl-A,-0.084121003
7996376b80325b09cde1fd43f59b916ca9f81b38.cl-A,-0.174460013
61e9e597b6a3314b569eb0ed040cd3d0c976f8c7.cl-A,-0.15376291
9af552476c29a5e3eba358d547ef117910eec6fa.cl-A,-0.102152453
1839618a50e1f330c3afa4c55069c445d14225b1.cl-A,-0.089784308
3c6f206c0cb069065cbd6a45f92c6fe4501fc9fc.cl-A,-0.358601554
54444d32beb957681607249cbe352e0535ac21a9.cl-A,-0.125514043
6c18f16db242ae51b7c38790ae28599d157e3745.cl-A,-0.149943578
933497ee1bf77e6f57fa06936c2211be9109d202.cl-A,-0.13680255
2e1a6f207686794a32627204cc9b74fc153795de.cl-A,-0.089860518
1bdd54db925719f56fde304f66e5859d5f8d2fac.cl-A,-0.13171868
33891878e0eb7e49eebc4a83a853c6019f2a2e63.cl-A,-0.083596001
1d7a1562f803e9fa50606159092063638694d9b4.cl-A,-0.168751427
a157d0cc3926975e9699969c8b85bcc2ac63c0fd.cl-A,-0.168413496
9ef97709754866b944cadf3e72ae39229419d6c0.cl-A,-0.102169388
7ad61439bd458b0089b422a3ab4cbc420fbb1ee3.cl-A,-0.102152453
73f001ca6ba33cbca195dd54ffb232b035928662.cl-A,-0.158498389
724f150feb005099542e2f53be272a6106580d9f.cl-A,-0.095450121
046a6b468106f6c7580b2928498aafe93e020c5f.cl-A,-0.128013085
72f2a4058b5f2164d3f35723d40d26877ffc7d2b.cl-A,-0.138687735
259a3ea32709b6be34f1b634d1077587b4e18432.cl-A,-0.186285608
803466bd0b0161df25d0bacd7475f2795207aa7e.cl-A,-0.137222359
9d3db565ea827f8524ed0471bd5dfa88413830a4.cl-A,-0.209472909
12bce06d026d45b5752dfd3100f2f1546d5abcc8.cl-A,-0.096262148
8afdf7b53fb550b9e37e29ec7046ec5bc99e82d6.cl-A,-0.083759711
812f525ff5ad91b55cc2ce08c591018bb0260ddb.cl-A,-0.065141163
9ee9f022a638ec5f7d3cc3f6bf290b1e51933597.cl-A,-0.226898784
264a4a1514279bba4c495c4b08d562a33dc40ad9.cl-A,-0.13680255
9055623bf1b2ef303b5d49c42f0b08a8491119ab.cl-A,-0.190962375
8112daedc4d66573a79cd90895c4840f1af204a1.cl-A,-0.137649022
9fc5548c040d037b981e9e2e8b72b6a0efc6b565.cl-A,-0.08976208
7f3dcff375ec685a8fd00d87a23fa89dc512c03c.cl-A,-0.083646808
456133678bcc8b9cb52b3062a74bae1afc929b2c.cl-A,-0.106454077
68ab40d7e814918ba62d983ba00dab8b8f938302.cl-A,-0.16205172
665958559082f3fe72d0a657df09fbd8fd2b3163.cl-A,-0.089771606
832b390af8425b9e5627c6b95a8c79356615ed44.cl-A,-0.090165357
8d849dc26effb05fc31385fe19e68649a3c7c6a5.cl-A,-0.137769863
1b4013294e56d9a6e205732e0e75cbaa8569a4ec.cl-A,-0.153759523
71090e5143e6e9b77489ccc30a504f4beecafc18.cl-A,-0.128131557
192e2d84aa7f3f9324c75beea2119ca7029b3572.cl-A,-0.065073421
44aaf24d55f8dfb09ce95bba98b72eb8f6a8992c.cl-A,-0.141540919
96f64cd674c2778cfcc36997369a0eaf2c416823.cl-A,-0.182181472
10960275986b8e6fe4634048830d990204c8078f.cl-A,-0.379590326
64450fd4d16d46fec8870e9668c9e7b59c8979a1.cl-A,-0.123613371
2ccd29513c61c160cbb75e1fe9eb7e9c0e0b757d.cl-A,-0.31022239
45b9c16eb211a6ff82e0548ef958c4ee82751775.cl-A,-0.138140455
76fea8e50106735f338bfe93071b102229ec9e6e.cl-A,-0.11577188
6ec4ec4c39dc17f57160258cda98b873953e311e.cl-A,-0.102143985
8ea19a5c1b089dda57f2111ac03eb35364a15d3a.cl-A,-0.176510722
3c2f0d24ca8ce2a3f5c46f17509bba28e0076525.cl-A,-0.183849152
70541cb3d62ec53350ceb361751c074051294334.cl-A,-0.209777749
3b2e85ad235982c3915608270e8df4d5ff77477b.cl-A,-0.0940944
3bd742d7adfc84e773ae956061d3e21012880516.cl-A,-0.096262148
18c2413c3f6d75aa8faa553734915a87d765b80e.cl-A,-0.137671603
7b7a7760c2ad5564462c032cc0891f33a3878c63.cl-A,-0.137340907
965910640e20e52943184cca2c761f6c2c91ec46.cl-A,-0.181566861
2d95e6be4e73bf9ef7b5ed0882215dff7d8018bd.cl-A,-0.137612329
a5646eb92ff328e8027d1c0f90e455082ea78742.cl-A,-0.177955887
68d8f7ab3176dd335b659e34d1fb1f7a8b6e0cf9.cl-A,-0.093011405
930fa48ee01707a947f9d9d710c3c659803c62d7.cl-A,-0.098051419
402816e19366df9717c5b6f9a5fa7de827c514cc.cl-A,-0.094973744
92f0c53afe622269626d5a15a3b7e25cd8f7f50a.cl-A,-0.091052526
187f1497c9b579871a2f6777a46c015a1d9030cc.cl-A,-0.194857547
807cdc8aa45e094a83a637c47787679e16ea9cae.cl-A,-0.087403098
a12fd1c5e33a1364b1850cfc2c039dd8fb8a2756.cl-A,-0.102151527
4eb5b38f0372468ccb6dfb01d32680eb4e75221b.cl-A,-0.089860518
1de89a0610d53207c34254a635f13bdb8c7ba6d3.cl-A,-0.134870042
212585df782f895f07930bfe94c724a3eeee339d.cl-A,-0.167574486
0763772018a0bccd1325bb41eeabd6bed096a6ef.cl-A,-0.146556471
5c2acd54101a15f2dddb01e595619b7613184373.cl-A,-0.083646808
9a26568bab6aa99e853a7be0a7fc489056dda3c1.cl-A,-0.119337498
7a507fd06d23c642ddf77bedcc12738a034058ac.cl-A,-0.12217385
99b3cbde2dbb884576e5fa805bf3ac6780a8f1ca.cl-A,-0.068291172
2334e75c2ef4ad5b2557282612df572fd8c90244.cl-A,-0.090165357
8aa7e7451e019bfdd40fe5778bf79745624d9ca1.cl-A,-0.089784308
192b9f9ecc6b813f8c5bc58dd56d612ebbd27369.cl-A,-0.129386743
0c499b7009594fb7ac386a4518b4f673035ef5c6.cl-A,-0.08371455
8562d6a200ccb9e26d4e854347c7d9b9d9203a64.cl-A,-0.379590326
a118b1964e62bab9cb6b355ea65dac6af98006f9.cl-A,-0.210967289
3ed0cca797864c4807bc2813b989b77490315162.cl-A,-0.155753406
45c6e9250e7067a05a4a2d8b708b960d4797c637.cl-A,-0.245769012
2a787867c706d69ccfca3ed0da882fa617df0e80.cl-A,-0.206170486
28e962e443b5c7159dbce5b17601d35e880f8ac5.cl-A,-0.161311521
9b3146d5443907a3cca01f10e34dcbb7c27f8c9c.cl-A,-0.119335616
3d16f9da87edd25b5d84590a5d0de142784d8cfb.cl-A,-0.090165357
5490823bf0d0526446c10a700c2f31e5306282c2.cl-A,-0.156151391
3b82cbf5fdd8886cb1baecdc3f69ce5f68772e6a.cl-A,-0.119743293
437e177befa07ac361efa740e3636e9c4e98d75c.cl-A,-0.16146394
2eca66fb18018555d4f4ab232404618786998687.cl-A,-0.087290598
35e81a360a5cd26c3182062df13416020a996a94.cl-A,-0.261397248
86de44d323e20a0cd92ef8243d52396517b5cb4c.cl-A,-0.180866238
1ffa7a8694d00536664d294a38f56856331e1a2b.cl-A,-0.186285608
571060f09cc348e49520ad70d10f7b964baf8b78.cl-A,-0.181950112
97deaed150735ed2838be746da7e2e5b83341dbc.cl-A,-0.180516237
20ad133e074564f465bb60c5c8188c94f15da24b.cl-A,-0.230828613
5042d1ea5789b9bc3933081421676f2264381486.cl-A,-0.11577188
05ac0aa2e8fd338dba0a8e56acb77c16aeafc293.cl-A,-0.102135517
138f7130f6f95154a5ebe28b32d6878d1333faea.cl-A,-0.212622918
1e9d4c1aec5493f6896f8306fe175afe872a4757.cl-A,-0.137620797
1978f11f28eb6bfbf7df5657933697d597b86501.cl-A,-0.096262148
7f7433de01dd48aaab31e5f55cd74464e1e6ca2d.cl-A,-0.149076478
521e09667038fafa95cf79e143594b0cb93adb38.cl-A,-0.312356263
3f72a69e41f19748408d6e1ce40b7c13a5a10751.cl-A,-0.130195313
3c9142ea1e97123170025c3eddcb10a099e4a264.cl-A,-0.089145039
83da7149a73355e9fc1e5a70ffab733b003f3d99.cl-A,-0.245844783
a2b9adb5807d773c55df12aa8f7c3bcd5de3e6a8.cl-A,-0.112044759
52e5836d111febdb9aa423a28626e40ed145e783.cl-A,-0.077404308
22045785b4cecf24c3caf63df1141fd90c461317.cl-A,-0.158112018
24e97f45ba2ad9f6bdd12cf89f8ece66db916465.cl-A,-0.272995528
0a3d5703860f36e727f1023ce46856aac743bdc7.cl-A,-0.156880371
14bd28d346d9432c91fb15baa70881142d2b0d3c.cl-A,-0.077412776
0ae6889bd441e29c73a9ed181d21907ea0001f1c.cl-A,-0.083596001
181f0ff244e4a0423658422d1e08e4c27db7e0e7.cl-A,-0.127736178
26919d42c2801e210441a84ccb0b7e72efc2fea5.cl-A,-0.31022239
2d1803b548cc3f88dd3374d0774dbf6bf33fb0d7.cl-A,-0.102135517
508b43f8350fd8cf7188c8a83bc2c356395e6747.cl-A,-0.348107168
24fd6a5d58686d60a56e91c09cfcb88c54657e60.cl-A,-0.084301648
0bf6082ae1b4a71b0940b3d3a32bca2a925ba1fa.cl-A,-0.094711243
9e8167c2e8dcc76e8d1165eefe6026befe02a3dd.cl-A,-0.207213306
2000ba64662a5725d5094df0c5fbbef176ff28ae.cl-A,-0.232796395
909dc552cebf81e52afd305156554299bed6832f.cl-A,-0.102931487
7a5acfd6eae0e6edd53efd05d4be2a048ab26c52.cl-A,-0.195702847
344d6eb6c1a4f44ddd7d3d57d16f18748fc16556.cl-A,-0.176090347
5003738df8da9f0e8641c91c3f43de1af9f7ab89.cl-A,-0.122348851
6ecca245befc71825f2b8fba0f0823f6337414cd.cl-A,-0.10701956
6a6da174870acfedfc1d8b6dea7f4c0f61d6b1ed.cl-A,-0.481247167
1b46ce543b743fd8c9c71d66d87123d7cea9bd01.cl-A,-0.11577188
5df615a051d63f7520cbdcce0ba922232707ef74.cl-A,-0.102765392
0fbc216ebcce9c168aae88f73d29e1a05da93d3c.cl-A,-0.36548611
556e062ee9f87d2523d954ed6876c9f3543979d4.cl-A,-0.137612329
3a1b2b564a71a69ee0185b6bb8c75cb986330bd1.cl-A,-0.127107744
85009d12c63a2350a7cbf77e175faef7f382c45c.cl-A,-0.095450121
a310db8882d8e9a10e9907b77ae8b80c217ec165.cl-A,-0.137609506
43f0eadf44a74dac6b94950a0865f6bbfde1c1c2.cl-A,-0.089765255
3f08ec10d1fdf99d2ea892f12316b02e59ae1413.cl-A,-0.146495504
3d1379656502c7ff6e2dcbcc63f53d78e9cca2cc.cl-A,-0.102169388
1bd6bf047c6d608ab128b80e760066c8aa6f5772.cl-A,-0.176627761
30d6d4a245cc0eae37cf6e838e3bb2f77d7bff96.cl-A,-0.08976208
02538b137813c54a4f3855406dc7fc3f6202a8b5.cl-A,-0.090165357
954d3f3a60f0f37114e6388e23c19d380f50881a.cl-A,-0.089765255
06fd3f17c5cdb4b8fa9d700e79d1b7155b250704.cl-A,-0.152160909
a338fd06cf4bcb24a4c0ddaf3038b8730a12c522.cl-A,-0.168751427
2f3d3551888e75f505206a521ff5b80c681a4674.cl-A,-0.130497733
8c4fe2e65200663d0508ef1b0e0142a923932eed.cl-A,-0.420675915
3d2c1229b9e7cffb1d5a67e53f9eda497c5aeee0.cl-A,-0.203627592
644968f10bf807b2cb756589708e2a470c27fcbf.cl-A,-0.098209608
18502444384be57e32b3b2fa17a2c04adb545175.cl-A,-0.089784308
7b6922dbeba32943785a846620c9bbfd3cab1c80.cl-A,-0.091384715
07b0896864f3d446047307d30fa22e2d85583bec.cl-A,-0.181950112
739ebef439770b79320574c1d3563c76bcd3c0cb.cl-A,-0.089809711
22ec518b259c7666954d7a47a991ce9724639725.cl-A,-0.137566714
5304942e7c3f0ba9554b7513e44be07cf1d74080.cl-A,-0.130202571
a0d36fad8f4173415059d1018d622fb539054f6a.cl-A,-0.173626036
50e7753350494709b5c53e10e46265e938934ca7.cl-A,-0.08564292
1aad710d71a7a8f57d2983b6ffed3b789817d09a.cl-A,-0.102143985
09daf6f964fb35eea6391360d726943bb588103b.cl-A,-0.118263034
9d7c58766d6940774fa298a716cceaf7a7793475.cl-A,-0.102131283
0e4998f4046c5d3a535314e3d56f0ad08705375f.cl-A,-0.087294227
855590265823c6cc6d5cc7c5329fa0f591e4c295.cl-A,-0.089860518
433b1c6477a5297a3252881bd419c55bc8696a71.cl-A,-0.168751427
9c9c7717dbe4b976661c983edcaba3ea7563b201.cl-A,-0.089962131
092906c85b86187e8007c675667a087a26c64612.cl-A,-0.089765255
018beeb5fc6e4dc479cf1e8066396300461086b1.cl-A,-0.113659204
8778760038bd2e4508e92a3266708d4cb38eb603.cl-A,-0.102254066
7349be50e3834ff28fccf1a35ab94ee4da6b70d8.cl-A,-0.157456216
99d59269eacde772b3fb4eebb9839100adaf3547.cl-A,-0.028096003
6ba5fcf5353c1bbfa07f4ac063a30b83bf4d1bae.cl-A,-0.080867624
6efa19d88693d90764b1b52e719343e3f05836b9.cl-A,-0.094838259
30e2a2703c2b5a7d16861caa0416fe515de47acd.cl-A,-0.276339733
14f06050ee14d219d4b1d27650ee28041aedd4a1.cl-A,-0.094707009
019a0128d0c5fe33678335a7cf7050cad56bbae0.cl-A,-0.108351086
572b4181d340c5328be9000a3e4c247243a4f411.cl-A,-0.173631682
1bf954485c8057b50cf096f5aa50f8a99606f411.cl-A,-0.068291172
91625993b16566bde25099105b8c142761b6601a.cl-A,0.175970169
39aa08b084008111fa2c9a1c38647d44432467fe.cl-A,-0.17389136
9c1e3033fe4e260b6ffda69d061d75febc1db257.cl-A,-0.202393103
00b2cd9176f8fd8ff41df5853ccc8ba77620d81f.cl-A,-0.138687735
7d886f97199896a8a50606739042c94a7c8e9bc7.cl-A,-0.261397248
25ce2583bb02fff84c1b8133f2e2800806485ae2.cl-A,-0.163434985
981dcf899de446cf53fac6110b070fa2d7fb6c0a.cl-A,-0.087804418
3155782199e06280f61c2d31825abc9101b683e6.cl-A,-0.180640431
0e1e2c13d582f64f189c00586961fec4874cceb4.cl-A,-0.242988327
633451f1522ff81e6f4a762802e6a4823f387c7d.cl-A,-0.154144534
9e922d1067e85984932216f9306cb27e32606a25.cl-A,-0.093011405
55022da157738811d58a608934df53eb54aaece2.cl-A,-0.0835833
1df939438814d98e8ed4a19447a38a930f331d60.cl-A,-0.219917916
a44bac51450fb7df800941c25e1e3409b085c946.cl-A,-0.089784308
5d403a3b880487bd90abc309f57d06b092dca1a4.cl-A,-0.206971797
10c7f08da79a0cd3bd21cdde97230b97fba88b0e.cl-A,-0.176131948
7c1e19efbbdb0ba75338501140541aa591a304d5.cl-A,-0.131897115
9695aeb751062d884d2077cfb84312104d43a726.cl-A,-0.148941682
32fa138c2565b20531402b35f64ed1d5d79eefbb.cl-A,-0.245144782
5afd09210061d337b4a51c8d889307befb515439.cl-A,-0.141784856
50365e571b1d288868177ff20c3559383d7a6a29.cl-A,-0.18466549
1dae2619450a6acf82c2328f73181f00a0af866b.cl-A,-0.158261291
1de7429c3fa45168ecae0422499696782b4245b9.cl-A,-0.190962375
9fc657ec8d1775d064a7ad17fb809001d0fd5ab2.cl-A,-0.292501004
22ae396c1e41f2d7ac733a675d5c465d6eda09ae.cl-A,-0.091052526
445357cfe0f9417588770d80e3f27843403b40cf.cl-A,-0.083759711
5bf2c1a870433772e8615ccb97d2bc26c1e0c129.cl-A,-0.07741955
41d3225875e37e06ff68f68f0bf6aaee78c4c53f.cl-A,-0.173755875
2ac32f5fa091fb527c9c866a97f4be9f02147b76.cl-A,-0.173628859
4ec1c0988be639d45597fe922e730e057eb18289.cl-A,-0.093173986
357dcd45d4daad4dc3013cc465af39960b927bbe.cl-A,-0.128131557
22d8146dc821adbcbb856b1dd34b01085743462c.cl-A,-0.175065556
9b7bffc26e1e9ab7fa679c81f20eb17c7983cbfa.cl-A,-0.141939357
974fd4f52561f322f95c20c17fc5e8a34a3540d9.cl-A,-0.166696391
2ebfceb149c46a6b3946cc5876e9b661c5bcf5c5.cl-A,-0.173710714
24f53aa27892e2d07ecf7afb32a6e8c4e7a080ba.cl-A,-0.071542794
30d57428b5314bf109cc8d148b604b91f52f65b3.cl-A,-0.167595392
7e61545d986c6460d4a692d941e9b0f4e4f959b9.cl-A,-0.102525034
0a722873f3c36a2425faad03d191755474d56369.cl-A,-0.207213306
0e341d853869e634c5fb408807df7715ca9e0745.cl-A,-0.12217385
67dbc883dda456a93f0c2f7b1a24fccf89224148.cl-A,-0.363848747
21092df12c328c2533a06984db218d847cb98e3f.cl-A,-0.089809711
21f6693a3019da9a1f4df5f13d66695b60412e2d.cl-A,-0.218042288
8f3b0c77d401adeee06262f12a59c49c214f8358.cl-A,-0.091569734
6e7e7bffe3bc8ce45b547485813f295e3d73992e.cl-A,-0.235193218
434363ddde42eca8d900583af5627ad0c39f2b14.cl-A,-0.09057181
266396e138eeab69c1dfa7078570e740b80552a5.cl-A,-0.079877513
51de443df88db494c6fb6ed0f2398a367698b730.cl-A,-0.31022239
4e2dd4d75988346e720dfc85d07163daf212c398.cl-A,-0.108621825
239f80dd9eaf2ae29f376a7bd113c3b5d53504e4.cl-A,-0.092853904
a327a05964176c8baaddf9f00db6d1a7f89c5a7e.cl-A,-0.137626442
0894cacc41e0c431eb10bd8d94d8b74938f2d9c6.cl-A,-0.028000035
7aabce25ebe29c44d4a88fd19f3d0a1867b170e8.cl-A,-0.117065502
2a7f96c2a56eca420106f3f250cb5532e33a55d2.cl-A,-0.146583568
9105ed71ffea8525a55664189e1d7669eecc351a.cl-A,-0.223496355
3e6a29f28f79e73952384543c023915f33d03123.cl-A,-0.113659204
a56453947d0c09f42392ed62cbc2ded7226de47e.cl-A,-0.176627761
265eb7fce90c0df755c4f08691411c671a98c283.cl-A,-0.139771609
7e0cf66d0565ad89509639b4edd037811746444a.cl-A,-0.48684304
57a5b09d1842b944a476627d929f1e0e7fe02fa0.cl-A,-0.159883972
6ad45827ea2c2e79f10a55bb92fbee87b7551f87.cl-A,-0.080142131
0eeab96485fb8d32ad685ae3373b015efc22c74f.cl-A,-0.102169388
878ca135c31d366af706cd5b983fb13137f2a36a.cl-A,-0.160080435
25930afc61064f4f387faf13295312afee9c6bf9.cl-A,-0.041946007
2f41488f2bde3e03ef11e0db27c69a32d89d6f2c.cl-A,-0.089784308
0603539de69893971d8e9ba35c2fd6380c8dc25e.cl-A,-0.182291383
049a87070bab06278aea34e5b825fe1a38307764.cl-A,0.036168958
68636914145c1b653dfeedf3a8872461153a2273.cl-A,-0.102186324
5aece71d8c6e3437804f598b6182bda93954694c.cl-A,-0.16745023
6c695a1b500332511a83fefd58aa55348f1e2424.cl-A,-0.101269293
4718a764ce95c1d7461674689cf841762fa1fafc.cl-A,-0.371994161
462e8d1ef0187aff18dfe0a3c6738c09b86b5c45.cl-A,-0.108621825
26009175815b7c94f0a52fef9572aae66c5ab457.cl-A,-0.131693277
3ff5277335e0203d3038bc28c9d6ecd607f24b7b.cl-A,-0.190967265
8fbb7c67b2d46f1cca05d26d8759d288aaa0b16e.cl-A,-0.102169388
2ba61181a826bbd8cccbd8ac72081651f4cbc62a.cl-A,-0.272995528
201a1732edf12755202bdb78d78b0db433ef7209.cl-A,-0.102141162
8585d681d3c815ee4b73262e2d2b67f23bbc878d.cl-A,-0.164070711
34422bd40c8cfb6b40109c90f18ca09886a5b2d3.cl-A,-0.175788139
56d7db2246194ee426d1b77817f083d8070a1f2b.cl-A,-0.102127049
097e99486c4dc7754f0d8cfa7fb870a65ace18c9.cl-A,-0.036631511
85d78370296c7082a0496c7a37df8e454b7571ef.cl-A,-0.107167361
79368de13d64848db73258eb7c47ce7831446f2b.cl-A,-0.103254014
21aa71e015a7688c17007c226f92c76006480810.cl-A,-0.040345599
5b29e180ee5d3eb45774f35a733ebb6e20679a7d.cl-A,-0.187934302
05b002f67e6120464b6ba01ce1979557c3e06ad4.cl-A,-0.175566567
5dc6cff63a01aef7707901b8a633ba3a7efda06a.cl-A,-0.102159227
33393a36f9ab064c5d3c6f14b10824a9c8db5715.cl-A,-0.23214256
9afd630d2a89b31bb0ac8586330603306cedeff9.cl-A,-0.11577188
3472fa62ad639ec3baf569799068c920f3eff73f.cl-A,-0.083587534
253f24e2c2d1072ada090a88c7f2489dd303113f.cl-A,-0.091384715
6e903e54d0cac8224f4aec3e76fb440ab2ded815.cl-A,-0.077561808
7d1bcca1148b55814d4060d89af5c9b6199ee403.cl-A,-0.167469585
8d06a59d7d306143b065b9cabfe12a5c948c1b1a.cl-A,-0.102169388
89084264b43bba4b18b54f46b6751f5314aa4571.cl-A,-0.129875754
90cb711306fbd4c77ba97f4a71ca86d5af2bf7f0.cl-A,-0.148914585
016f294a014fc8fc8043fe264c36ebcf0e419309.cl-A,-0.102765392
0ed43e57432a3011ecb64071a05bb82efe61fd5e.cl-A,-0.086230108
7c11c83fe77e1b2e318437df16d016743ca89cc2.cl-A,-0.090165357
0afe26c225707a18316faa955143263dbf2f0ed8.cl-A,-0.245212524
5261dcba456031b5c34fa177b922356c9a9161a2.cl-A,-0.130195313
4ff246470f5801088210ce4e2ec0b81efceb3416.cl-A,-0.112523772
4156062e736c528cb3461d77c54a70e149193696.cl-A,-0.092250058
3b83862d2bece51983227c6424912dee44da8535.cl-A,-0.147620965
016850a54105db85a861274ce636cb826e85fd18.cl-A,-0.102765392
30f37516b1b2d8070f3179363c96487031c17b36.cl-A,-0.104637446
