Mode,instance,UserTime,SysTime,WallTime,E_arm,E_mem,E_gpu,E_little,tetris
Tetris wct,i1,13.81,0.30,7.90,38.716493,0.591750,0.088894,4.889959,16.170757
Tetris wct,i1,14.52,0.37,8.70,42.845856,0.645928,0.124925,4.683504,26.386433
Tetris wct,i1,14.60,0.33,8.75,43.181707,0.647769,0.129659,4.631693,16.522384
Tetris wct,i1,14.61,0.41,8.87,42.125236,0.647506,0.128344,4.448908,30.344958
Tetris wct,i1,14.66,0.29,8.78,42.697261,0.647506,0.129659,4.596714,25.182226
Tetris wct,i1,14.68,0.33,8.83,42.516054,0.647243,0.130185,4.420767,38.817795
Tetris wct,i1,14.69,0.29,8.83,42.352468,0.643561,0.129133,4.484676,91.423920
Tetris wct,i1,14.70,0.31,8.84,42.234644,0.642246,0.128344,4.481257,25.882182
Tetris wct,i1,14.70,0.31,8.86,42.461613,0.641457,0.129922,4.517025,26.088272
Tetris wct,i1,14.70,0.36,8.93,42.400334,0.668283,0.134130,4.472578,23.285461
Tetris wct,i1,14.71,0.34,8.89,42.061853,0.649610,0.128344,4.368956,11.576480
Tetris wct,i1,14.72,0.29,8.86,42.428738,0.647506,0.129659,4.382369,26.965564
Tetris wct,i1,14.72,0.34,8.91,42.254895,0.642509,0.129659,4.365011,74.343907
Tetris wct,i1,14.73,0.21,8.77,42.553926,0.641720,0.129133,4.623540,23.480628
Tetris wct,i1,14.73,0.27,8.86,42.282510,0.640405,0.124925,4.389733,37.243662
Tetris wct,i1,14.73,0.37,8.95,41.613964,0.643561,0.129922,4.428131,10.718726
Tetris wct,i1,14.74,0.31,8.89,42.449778,0.651714,0.125188,4.366063,76.141831
Tetris wct,i1,14.74,0.31,8.92,41.960598,0.642772,0.131500,4.473367,30.926833
Tetris wct,i1,14.74,0.32,8.90,42.088416,0.650399,0.129133,4.461795,19.930024
Tetris wct,i1,14.74,0.34,8.92,42.355361,0.656711,0.133867,4.547007,31.914881
Tetris wct,i1,14.75,0.26,8.85,42.770901,0.649084,0.127818,4.479679,36.342698
Tetris wct,i1,14.75,0.33,8.91,42.019773,0.648821,0.127818,4.388418,16.393925
Tetris wct,i1,14.75,0.35,8.96,41.705751,0.666442,0.125977,4.340026,7.734794
Tetris wct,i1,14.75,0.39,9.01,43.191964,0.665127,0.134130,4.335029,47.364215
Tetris wct,i1,14.76,0.26,8.87,42.572073,0.646454,0.130185,4.481783,24.990761
Tetris wct,i1,14.76,0.31,8.93,42.492910,0.644876,0.128870,4.460217,21.179409
Tetris wct,i1,14.76,0.34,8.94,42.079211,0.644876,0.126240,4.420504,36.793407
Tetris wct,i1,14.76,0.35,8.98,43.363966,0.665127,0.134130,4.363959,52.421121
Tetris wct,i1,14.77,0.26,8.86,42.365355,0.643298,0.126766,4.411299,46.366251
Tetris wct,i1,14.77,0.27,8.86,42.034764,0.648821,0.129659,4.411825,20.538319
Tetris wct,i1,14.77,0.29,8.90,41.843300,0.638038,0.129659,4.321616,7.067081
Tetris wct,i1,14.77,0.31,8.94,42.178625,0.641720,0.130974,4.514132,78.255843
Tetris wct,i1,14.78,0.25,8.88,42.323012,0.648295,0.127292,4.359488,55.560636
Tetris wct,i1,14.78,0.26,8.88,41.796749,0.645928,0.128081,4.373164,29.708871
Tetris wct,i1,14.78,0.27,8.89,42.006886,0.646191,0.124662,4.334503,29.048410
Tetris wct,i1,14.78,0.30,8.91,41.890114,0.639879,0.129922,4.384736,10.014556
Tetris wct,i1,14.80,0.31,8.96,43.149095,0.666442,0.134130,4.366852,84.790424
Tetris wct,i1,14.80,0.33,8.98,43.782136,0.665390,0.134130,4.322405,35.134273
Tetris wct,i1,14.81,0.25,8.90,41.796486,0.644876,0.130185,4.316619,8.415128
Tetris wct,i1,14.81,0.28,8.93,41.857765,0.645139,0.124662,4.406302,23.733461
Tetris wct,i1,14.81,0.30,8.93,41.930616,0.643824,0.127555,4.383947,27.692818
Tetris wct,i1,14.82,0.29,8.96,43.161456,0.673280,0.131237,4.387103,21.079571
Tetris wct,i1,14.82,0.30,8.96,43.081504,0.663286,0.133604,4.426553,29.035576
Tetris wct,i1,14.83,0.28,8.96,43.340822,0.672754,0.128081,4.408669,30.295792
Tetris wct,i1,14.83,0.31,9.00,42.858480,0.664075,0.129396,4.400253,50.090276
Tetris wct,i1,14.83,0.32,9.00,43.147254,0.663812,0.134130,4.324509,34.203893
Tetris wct,i1,14.84,0.29,8.98,43.083608,0.663286,0.134130,4.345286,35.254277
Tetris wct,i1,14.84,0.30,8.98,42.846119,0.664338,0.126503,4.296105,28.430992
Tetris wct,i1,14.84,0.30,8.98,43.199591,0.663023,0.129396,4.293738,18.516182
Tetris wct,i1,14.85,0.25,8.94,42.166001,0.650136,0.126503,4.402094,22.534039
Tetris wct,i1,14.90,0.23,8.99,42.961839,0.659341,0.133867,4.376846,8.462003
Tetris wct,i2,13.78,0.34,7.89,38.716493,0.591750,0.088894,4.889959,34.852566
Tetris wct,i2,14.56,0.35,8.74,42.845856,0.645928,0.124925,4.683504,108.859007
Tetris wct,i2,14.57,0.39,8.76,42.697261,0.647506,0.129659,4.596714,28.907745
Tetris wct,i2,14.65,0.26,8.71,43.181707,0.647769,0.129659,4.631693,20.381529
Tetris wct,i2,14.65,0.34,8.79,42.770901,0.649084,0.127818,4.479679,41.157396
Tetris wct,i2,14.65,0.37,8.81,42.461613,0.641457,0.129922,4.517025,41.894355
Tetris wct,i2,14.67,0.34,8.82,42.125236,0.647506,0.128344,4.448908,24.264633
Tetris wct,i2,14.67,0.38,8.84,42.061853,0.649610,0.128344,4.368956,15.102503
Tetris wct,i2,14.69,0.27,8.75,42.553926,0.641720,0.129133,4.623540,67.188409
Tetris wct,i2,14.70,0.32,8.80,42.352468,0.643561,0.129133,4.484676,41.038392
Tetris wct,i2,14.70,0.34,8.85,41.796749,0.645928,0.128081,4.373164,25.866683
Tetris wct,i2,14.70,0.34,8.85,42.355361,0.656711,0.129922,4.400779,19.840564
Tetris wct,i2,14.70,0.34,8.85,42.572073,0.646454,0.130185,4.481783,78.017884
Tetris wct,i2,14.70,0.37,8.85,42.034764,0.648821,0.129659,4.411825,46.959132
Tetris wct,i2,14.71,0.31,8.81,42.516054,0.647243,0.130185,4.420767,21.303073
Tetris wct,i2,14.71,0.34,8.86,42.006886,0.646191,0.124662,4.334503,24.374011
Tetris wct,i2,14.73,0.26,8.79,42.234644,0.642246,0.128344,4.481257,35.066484
Tetris wct,i2,14.73,0.35,8.88,42.178625,0.641720,0.127029,4.370534,26.269560
Tetris wct,i2,14.74,0.32,8.83,42.088416,0.650399,0.129133,4.461795,16.265424
Tetris wct,i2,14.74,0.32,8.85,42.400334,0.649084,0.130185,4.358962,8.160880
Tetris wct,i2,14.74,0.33,8.88,42.170998,0.650136,0.124136,4.275065,21.238074
Tetris wct,i2,14.74,0.34,8.87,42.254895,0.642509,0.129659,4.365011,42.507565
Tetris wct,i2,14.74,0.35,8.93,41.930616,0.643824,0.131500,4.383947,79.043641
Tetris wct,i2,14.75,0.29,8.87,42.323012,0.648295,0.127292,4.359488,49.782483
Tetris wct,i2,14.76,0.28,8.82,42.282510,0.640405,0.124925,4.389733,20.770153
Tetris wct,i2,14.76,0.30,8.85,42.449778,0.651714,0.125188,4.366063,22.268580
Tetris wct,i2,14.76,0.30,8.86,41.843300,0.638038,0.129659,4.321616,37.219575
Tetris wct,i2,14.76,0.34,8.90,41.613964,0.643561,0.125977,4.301102,12.906782
Tetris wct,i2,14.77,0.32,8.89,42.079211,0.644876,0.126240,4.311885,19.876066
Tetris wct,i2,14.77,0.36,8.91,41.841459,0.645665,0.130185,4.228251,18.853479
Tetris wct,i2,14.77,0.38,8.93,41.689182,0.638301,0.129922,4.376846,40.603931
Tetris wct,i2,14.78,0.29,8.87,41.960598,0.642772,0.127555,4.365011,46.699464
Tetris wct,i2,14.78,0.31,8.88,42.166001,0.650136,0.122821,4.281114,43.236070
Tetris wct,i2,14.78,0.33,8.90,42.019773,0.648821,0.127818,4.246398,21.879202
Tetris wct,i2,14.79,0.32,8.89,41.853294,0.642509,0.129659,4.313200,25.058884
Tetris wct,i2,14.80,0.28,8.86,42.492910,0.644876,0.128870,4.359225,56.471101
Tetris wct,i2,14.81,0.24,8.83,42.428738,0.647506,0.129659,4.382369,21.620409
Tetris wct,i2,14.81,0.30,8.91,41.705751,0.647769,0.122295,4.340026,85.578423
Tetris wct,i2,14.82,0.24,8.86,42.365355,0.643298,0.126766,4.411299,10.425642
Tetris wct,i2,14.82,0.31,8.93,42.443729,0.646191,0.130185,4.210893,51.594782
Tetris wct,i2,14.83,0.27,8.89,41.879594,0.653818,0.127292,4.239297,12.799069
Tetris wct,i2,14.83,0.31,8.95,43.083608,0.663286,0.134130,4.345286,50.389522
Tetris wct,i2,14.83,0.32,8.94,42.091572,0.665127,0.134130,4.363959,42.956276
Tetris wct,i2,14.84,0.23,8.88,41.890114,0.639879,0.129922,4.384736,61.408793
Tetris wct,i2,14.84,0.26,8.89,41.796486,0.644876,0.130185,4.316619,77.576426
Tetris wct,i2,14.85,0.27,8.91,41.857765,0.645139,0.124662,4.271646,35.474278
Tetris wct,i2,14.86,0.29,8.93,41.579774,0.644613,0.129396,4.400253,26.270308
Tetris wct,i2,14.86,0.31,8.96,42.846119,0.664338,0.126503,4.296105,27.262191
Tetris wct,i2,14.88,0.25,8.93,41.871704,0.643035,0.129396,4.293738,15.779252
Tetris wct,i2,14.89,0.27,8.95,41.936139,0.665127,0.134130,4.335029,10.787602
Tetris wct,i2,14.92,0.23,8.94,41.856976,0.645139,0.134130,4.324509,34.341601
Tetris wct,i3,13.77,0.34,7.90,40.042539,0.591750,0.088894,4.889959,22.707374
Tetris wct,i3,14.56,0.36,8.72,43.181707,0.647769,0.129659,4.631693,30.444834
Tetris wct,i3,14.57,0.33,8.70,42.845856,0.645928,0.124925,4.683504,46.669503
Tetris wct,i3,14.61,0.36,8.77,42.697261,0.647506,0.129659,4.596714,85.516387
Tetris wct,i3,14.65,0.31,8.75,42.553926,0.641720,0.129133,4.623540,31.601802
Tetris wct,i3,14.66,0.38,8.83,42.282510,0.640405,0.124925,4.389733,25.834681
Tetris wct,i3,14.67,0.37,8.85,42.061853,0.649610,0.128344,4.368956,23.233335
Tetris wct,i3,14.67,0.39,8.83,42.088416,0.650399,0.129133,4.461795,16.638920
Tetris wct,i3,14.67,0.40,8.85,42.449778,0.651714,0.125188,4.366063,15.136832
Tetris wct,i3,14.68,0.34,8.82,42.516054,0.647243,0.130185,4.420767,45.699122
Tetris wct,i3,14.69,0.31,8.79,42.352468,0.643561,0.129133,4.484676,26.714188
Tetris wct,i3,14.69,0.33,8.80,42.461613,0.641457,0.129922,4.517025,16.660505
Tetris wct,i3,14.70,0.35,8.87,42.365355,0.643298,0.126766,4.411299,39.480925
Tetris wct,i3,14.71,0.29,8.78,42.234644,0.642246,0.128344,4.481257,29.510787
Tetris wct,i3,14.71,0.35,8.86,41.960598,0.642772,0.127555,4.365011,26.532811
Tetris wct,i3,14.72,0.33,8.83,42.034764,0.648821,0.129659,4.411825,13.771367
Tetris wct,i3,14.73,0.27,8.79,42.770901,0.649084,0.127818,4.479679,33.758312
Tetris wct,i3,14.73,0.30,8.84,41.796749,0.645928,0.128081,4.373164,34.349064
Tetris wct,i3,14.73,0.33,8.86,42.492910,0.644876,0.128870,4.359225,85.169173
Tetris wct,i3,14.74,0.28,8.81,42.125236,0.647506,0.128344,4.448908,24.055463
Tetris wct,i3,14.74,0.34,8.88,42.006886,0.646191,0.124662,4.334503,63.157261
Tetris wct,i3,14.75,0.28,8.84,42.355361,0.656711,0.129922,4.400779,32.680513
Tetris wct,i3,14.75,0.30,8.84,42.323012,0.648295,0.127292,4.359488,53.047582
Tetris wct,i3,14.75,0.30,8.86,42.400334,0.649084,0.130185,4.358962,43.110525
Tetris wct,i3,14.75,0.33,8.85,41.843300,0.638038,0.129659,4.321616,37.239996
Tetris wct,i3,14.76,0.33,8.88,42.178625,0.641720,0.127029,4.370534,27.873773
Tetris wct,i3,14.76,0.34,8.89,41.879594,0.653818,0.127292,4.239297,16.024297
Tetris wct,i3,14.76,0.35,8.90,42.019773,0.648821,0.127818,4.246398,55.546554
Tetris wct,i3,14.77,0.35,8.90,41.780180,0.644087,0.130185,4.227462,42.221648
Tetris wct,i3,14.79,0.27,8.85,42.428738,0.647506,0.129659,4.382369,39.780050
Tetris wct,i3,14.79,0.34,8.92,41.841459,0.645665,0.130185,4.228251,30.487539
Tetris wct,i3,14.80,0.27,8.86,42.254895,0.642509,0.129659,4.365011,58.475487
Tetris wct,i3,14.80,0.27,8.88,42.166001,0.650136,0.122821,4.281114,14.335241
Tetris wct,i3,14.80,0.30,8.89,42.170998,0.650136,0.124136,4.275065,51.935866
Tetris wct,i3,14.80,0.36,8.93,41.579774,0.644613,0.125451,4.400253,22.115911
Tetris wct,i3,14.81,0.30,8.89,41.796486,0.644876,0.130185,4.316619,27.121315
Tetris wct,i3,14.81,0.30,8.90,41.930616,0.643824,0.127555,4.270068,57.655024
Tetris wct,i3,14.81,0.30,8.92,42.091572,0.645928,0.130185,4.363959,41.030428
Tetris wct,i3,14.82,0.22,8.84,42.572073,0.646454,0.130185,4.481783,30.881375
Tetris wct,i3,14.83,0.26,8.88,41.890114,0.639879,0.129922,4.384736,93.797844
Tetris wct,i3,14.84,0.27,8.90,41.705751,0.647769,0.122295,4.208000,32.977056
Tetris wct,i3,14.84,0.28,8.91,41.613964,0.643561,0.125977,4.301102,14.850875
Tetris wct,i3,14.84,0.31,8.95,43.191964,0.665127,0.134130,4.335029,41.940977
Tetris wct,i3,14.85,0.26,8.89,41.853294,0.642509,0.129659,4.313200,28.510696
Tetris wct,i3,14.85,0.26,8.91,42.079211,0.644876,0.126240,4.420504,37.864083
Tetris wct,i3,14.85,0.27,8.91,42.443729,0.646191,0.130185,4.210893,21.810079
Tetris wct,i3,14.85,0.29,8.93,41.565309,0.645139,0.122558,4.188275,10.591349
Tetris wct,i3,14.85,0.29,8.93,41.689182,0.659341,0.133867,4.376846,9.033507
Tetris wct,i3,14.87,0.25,8.91,41.857765,0.645139,0.124662,4.406302,47.480970
Tetris wct,i3,14.87,0.29,8.95,41.856976,0.663812,0.134130,4.324509,58.463570
Tetris wct,i3,14.88,0.28,8.93,41.871704,0.643035,0.129396,4.293738,83.252789
Tetris wct,i4,13.89,0.24,7.89,40.042539,0.591750,0.088894,4.889959,57.087810
Tetris wct,i4,14.60,0.32,8.71,43.181707,0.647769,0.129659,4.631693,6.809661
Tetris wct,i4,14.63,0.29,8.70,42.845856,0.645928,0.124925,4.683504,47.769633
Tetris wct,i4,14.67,0.31,8.74,42.553926,0.641720,0.129133,4.623540,25.214304
Tetris wct,i4,14.68,0.29,8.76,42.697261,0.647506,0.129659,4.596714,24.025796
Tetris wct,i4,14.69,0.37,8.85,41.843300,0.638038,0.129659,4.321616,16.648756
Tetris wct,i4,14.69,0.37,8.85,42.034764,0.648821,0.129659,4.411825,62.035632
Tetris wct,i4,14.70,0.31,8.80,42.770901,0.649084,0.127818,4.479679,28.587528
Tetris wct,i4,14.70,0.32,8.82,42.516054,0.647243,0.130185,4.420767,111.725605
Tetris wct,i4,14.71,0.31,8.79,42.352468,0.643561,0.129133,4.484676,32.521051
Tetris wct,i4,14.72,0.30,8.79,42.461613,0.641457,0.129922,4.517025,54.581425
Tetris wct,i4,14.72,0.31,8.81,42.125236,0.647506,0.128344,4.448908,6.958117
Tetris wct,i4,14.72,0.34,8.85,42.088416,0.650399,0.129133,4.461795,12.557403
Tetris wct,i4,14.73,0.33,8.84,42.061853,0.649610,0.128344,4.368956,29.729246
Tetris wct,i4,14.73,0.34,8.84,42.572073,0.646454,0.130185,4.481783,31.723170
Tetris wct,i4,14.73,0.36,8.87,41.796486,0.644876,0.130185,4.316619,12.774323
Tetris wct,i4,14.73,0.37,8.88,42.166001,0.650136,0.122821,4.281114,36.404244
Tetris wct,i4,14.74,0.27,8.79,42.234644,0.642246,0.128344,4.481257,43.704489
Tetris wct,i4,14.74,0.34,8.86,41.960598,0.642772,0.127555,4.365011,27.433026
Tetris wct,i4,14.75,0.27,8.83,42.428738,0.647506,0.129659,4.382369,24.292508
Tetris wct,i4,14.75,0.29,8.83,42.282510,0.640405,0.124925,4.389733,10.572054
Tetris wct,i4,14.76,0.39,8.93,41.689182,0.638301,0.133867,4.376846,56.918390
Tetris wct,i4,14.77,0.29,8.84,42.365355,0.643298,0.126766,4.411299,25.786306
Tetris wct,i4,14.77,0.29,8.87,42.492910,0.644876,0.128870,4.359225,23.521543
Tetris wct,i4,14.77,0.31,8.86,42.323012,0.648295,0.127292,4.359488,48.127476
Tetris wct,i4,14.77,0.33,8.88,41.613964,0.643561,0.125977,4.301102,34.707608
Tetris wct,i4,14.78,0.26,8.83,42.355361,0.656711,0.129922,4.400779,23.850214
Tetris wct,i4,14.78,0.26,8.84,41.796749,0.645928,0.128081,4.373164,16.469007
Tetris wct,i4,14.78,0.29,8.87,41.890114,0.639879,0.129922,4.384736,28.499700
Tetris wct,i4,14.78,0.33,8.89,42.079211,0.644876,0.126240,4.311885,21.521993
Tetris wct,i4,14.79,0.29,8.86,42.400334,0.649084,0.130185,4.358962,18.229308
Tetris wct,i4,14.80,0.29,8.88,42.254895,0.642509,0.129659,4.365011,55.599967
Tetris wct,i4,14.80,0.31,8.90,41.705751,0.647769,0.122295,4.208000,11.278898
Tetris wct,i4,14.81,0.33,8.93,42.091572,0.645928,0.134130,4.363959,31.864343
Tetris wct,i4,14.82,0.28,8.86,42.178625,0.641720,0.127029,4.370534,59.028652
Tetris wct,i4,14.82,0.28,8.89,42.170998,0.650136,0.124136,4.275065,85.386592
Tetris wct,i4,14.82,0.29,8.91,42.019773,0.648821,0.127818,4.246398,23.082586
Tetris wct,i4,14.83,0.26,8.89,42.006886,0.646191,0.124662,4.334503,76.375207
Tetris wct,i4,14.83,0.30,8.90,41.853294,0.642509,0.129659,4.313200,81.800405
Tetris wct,i4,14.83,0.31,8.92,41.780180,0.644087,0.130185,4.345286,91.493289
Tetris wct,i4,14.83,0.31,8.93,41.841459,0.645665,0.134130,4.366852,26.971649
Tetris wct,i4,14.83,0.31,8.93,41.857765,0.645139,0.124662,4.406302,60.345081
Tetris wct,i4,14.84,0.24,8.86,42.449778,0.651714,0.125188,4.366063,53.901379
Tetris wct,i4,14.84,0.26,8.89,41.879594,0.653818,0.127292,4.239297,13.843201
Tetris wct,i4,14.84,0.32,8.94,41.565309,0.664338,0.126503,4.296105,39.290465
Tetris wct,i4,14.85,0.30,8.94,41.579774,0.664075,0.129396,4.400253,39.728636
Tetris wct,i4,14.85,0.33,8.92,42.443729,0.646191,0.134130,4.322405,53.180749
Tetris wct,i4,14.87,0.30,8.94,41.871704,0.663023,0.129396,4.293738,20.332236
Tetris wct,i4,14.90,0.22,8.90,41.930616,0.643824,0.127555,4.270068,38.267125
Tetris wct,i4,14.91,0.26,8.95,41.936139,0.665127,0.134130,4.335029,13.359698
Tetris wct,i4,14.94,0.22,8.94,43.147254,0.663812,0.134130,4.324509,66.738111
Dynamic,i1,14.34,0.23,7.45,40.383650,0.590698,0.075481,4.790545,35.183891
Dynamic,i1,14.85,0.27,7.91,45.188923,0.606478,0.116772,4.154611,39.256626
Dynamic,i1,14.97,0.28,7.88,45.570799,0.618839,0.108882,4.219835,95.156837
Dynamic,i1,15.12,0.30,8.73,44.025411,0.658026,0.122032,3.965251,34.687434
Dynamic,i1,15.21,0.32,9.30,43.808436,0.703788,0.131763,3.809555,54.564747
Dynamic,i1,15.22,0.32,8.85,44.396241,0.672754,0.124925,3.798246,43.848273
Dynamic,i1,15.26,0.32,8.57,41.337288,0.646191,0.117824,3.364296,46.365873
Dynamic,i1,15.31,0.31,8.20,46.669087,0.641983,0.119139,4.208789,6.581784
Dynamic,i1,15.35,0.33,7.98,37.635037,0.608845,0.110460,3.371660,23.958299
Dynamic,i1,15.48,0.25,8.09,36.997525,0.607793,0.110460,3.283555,53.451157
Dynamic,i1,15.48,0.28,8.04,39.768756,0.604637,0.112564,3.486328,33.735220
Dynamic,i1,15.51,0.27,8.16,36.462583,0.623310,0.113879,3.269353,10.243428
Dynamic,i1,15.53,0.22,8.08,38.462435,0.608319,0.109145,3.357458,33.955470
Dynamic,i1,15.53,0.31,8.26,39.706951,0.617787,0.113879,3.613094,119.447882
Dynamic,i1,15.55,0.37,8.75,43.700606,0.662497,0.123084,3.720924,20.031062
Dynamic,i1,15.58,0.23,8.09,41.637108,0.621206,0.116509,3.696991,46.691413
Dynamic,i1,15.60,0.26,8.03,38.870348,0.614368,0.109408,3.423997,31.559456
Dynamic,i1,15.61,0.37,8.62,41.786492,0.649084,0.118087,3.810607,60.672742
Dynamic,i1,15.63,0.24,8.36,39.217245,0.630674,0.112564,3.529460,28.149104
Dynamic,i1,15.63,0.31,8.58,41.239189,0.654870,0.119139,3.630978,44.322897
Dynamic,i1,15.66,0.23,8.05,36.682188,0.598851,0.110460,3.228325,23.192495
Dynamic,i1,15.73,0.26,8.23,38.731221,0.626992,0.113353,3.379550,34.267804
Dynamic,i1,15.74,0.24,8.12,37.814929,0.606478,0.110460,3.205707,41.314926
Dynamic,i1,15.76,0.31,8.28,39.449474,0.625940,0.113090,3.341941,38.959327
Dynamic,i1,15.78,0.25,8.33,40.927271,0.629885,0.113879,3.416896,50.353558
Dynamic,i1,15.80,0.24,8.31,39.707740,0.623310,0.114142,3.456609,17.296965
Dynamic,i1,15.80,0.26,8.37,39.056289,0.625940,0.113879,3.376131,27.690275
Dynamic,i1,15.80,0.32,8.18,40.987498,0.621995,0.113353,3.395593,24.766803
Dynamic,i1,15.81,0.20,8.40,39.065231,0.631200,0.117298,3.452401,72.268714
Dynamic,i1,15.83,0.29,8.44,41.987424,0.646454,0.116509,3.628085,34.232392
Dynamic,i1,15.84,0.27,8.31,39.204884,0.630937,0.113879,3.443459,12.655316
Dynamic,i1,15.85,0.38,8.48,40.212437,0.642772,0.117824,3.522096,27.668770
Dynamic,i1,15.86,0.33,8.42,41.120313,0.643824,0.117035,3.485802,52.041818
Dynamic,i1,15.87,0.29,8.39,38.914006,0.630937,0.113353,3.600470,25.668927
Dynamic,i1,15.87,0.31,8.49,40.739226,0.652503,0.124399,3.447667,25.941303
Dynamic,i1,15.89,0.31,8.42,38.955823,0.629885,0.117035,3.381128,49.376259
Dynamic,i1,15.90,0.30,8.45,41.141879,0.643824,0.117561,3.463973,8.796215
Dynamic,i1,15.91,0.35,8.51,40.728180,0.637775,0.117561,3.452927,11.704727
Dynamic,i1,15.92,0.38,8.64,40.606937,0.650399,0.120454,3.442144,12.868777
Dynamic,i1,15.93,0.33,8.58,40.441510,0.655922,0.117824,3.552078,11.481020
Dynamic,i1,15.95,0.31,8.50,40.443614,0.648295,0.117824,3.463447,31.528295
Dynamic,i1,15.97,0.33,8.54,40.195342,0.636723,0.117298,3.450823,7.814498
Dynamic,i1,15.99,0.28,8.58,40.573799,0.648821,0.117035,3.506842,30.355953
Dynamic,i1,16.00,0.28,8.46,41.155292,0.651451,0.122558,3.558390,63.658917
Dynamic,i1,16.00,0.31,8.61,40.312640,0.650925,0.117298,3.294601,49.890223
Dynamic,i1,16.10,0.28,8.70,41.642105,0.670387,0.120454,3.570225,7.525375
Dynamic,i1,16.10,0.32,8.73,41.042991,0.663549,0.121243,3.533405,10.550515
Dynamic,i1,16.10,0.32,8.74,41.237348,0.668546,0.121243,3.497900,16.967839
Dynamic,i1,16.12,0.24,8.48,40.215856,0.654607,0.117561,3.461080,35.663355
Dynamic,i1,16.17,0.32,8.78,41.636056,0.668546,0.126240,3.515784,11.838813
Dynamic,i1,16.27,0.38,8.75,41.431968,0.661708,0.120454,3.543925,18.689474
Dynamic,i2,14.67,0.22,7.62,40.383650,0.610949,0.078900,4.892852,19.597224
Dynamic,i2,14.79,0.25,8.12,45.188923,0.606478,0.116772,4.154611,104.656056
Dynamic,i2,14.92,0.30,7.78,43.939147,0.599114,0.104937,4.067558,22.904871
Dynamic,i2,14.96,0.31,8.93,44.025411,0.658026,0.125714,4.048622,46.208745
Dynamic,i2,14.96,0.35,8.38,46.669087,0.641983,0.119139,4.208789,55.330003
Dynamic,i2,15.07,0.32,8.85,41.403564,0.670913,0.121243,3.698306,46.954539
Dynamic,i2,15.14,0.35,9.07,42.229647,0.678540,0.124399,3.881091,28.118689
Dynamic,i2,15.29,0.28,8.68,43.524396,0.654081,0.124925,3.798246,15.670623
Dynamic,i2,15.38,0.32,8.05,40.302909,0.609371,0.113616,3.513943,55.280877
Dynamic,i2,15.39,0.31,7.96,39.069965,0.614368,0.111775,3.465288,36.431688
Dynamic,i2,15.40,0.29,9.36,42.074214,0.709048,0.127818,3.658067,31.300249
Dynamic,i2,15.55,0.24,7.99,40.089353,0.606478,0.110723,3.615724,31.675292
Dynamic,i2,15.55,0.35,8.40,38.955823,0.629885,0.117035,3.381128,32.859633
Dynamic,i2,15.55,0.38,8.66,40.236633,0.652240,0.119665,3.680422,56.263338
Dynamic,i2,15.57,0.35,8.05,38.520032,0.609897,0.117035,3.262515,24.664507
Dynamic,i2,15.59,0.23,8.14,38.462435,0.608319,0.109145,3.464762,17.933720
Dynamic,i2,15.59,0.36,8.77,40.555915,0.668283,0.121243,3.593632,27.166603
Dynamic,i2,15.62,0.29,8.08,38.172346,0.606741,0.115194,3.254099,31.344418
Dynamic,i2,15.63,0.29,8.16,41.480097,0.624888,0.112827,3.559179,24.523293
Dynamic,i2,15.66,0.25,8.06,39.507860,0.604374,0.110460,3.198080,29.856365
Dynamic,i2,15.66,0.35,8.10,38.788818,0.602007,0.110197,3.289078,10.777063
Dynamic,i2,15.69,0.31,8.24,40.347882,0.629885,0.113090,3.385073,45.202234
Dynamic,i2,15.70,0.25,8.05,40.911491,0.602270,0.112038,3.443722,10.916015
Dynamic,i2,15.70,0.29,8.22,40.140638,0.621206,0.113090,3.409006,26.780974
Dynamic,i2,15.71,0.33,8.27,40.194553,0.620154,0.113353,3.380865,25.911512
Dynamic,i2,15.72,0.32,8.07,38.343033,0.608582,0.109934,3.116287,33.440261
Dynamic,i2,15.73,0.27,8.23,39.986783,0.616472,0.113879,3.366137,31.522830
Dynamic,i2,15.73,0.33,8.22,39.213300,0.626992,0.113879,3.322742,13.973033
Dynamic,i2,15.74,0.25,8.11,37.988772,0.614368,0.110197,3.262515,28.350982
Dynamic,i2,15.74,0.26,8.39,38.914006,0.630937,0.117035,3.600470,39.857460
Dynamic,i2,15.74,0.34,8.34,39.988098,0.636723,0.113090,3.525252,39.072001
Dynamic,i2,15.76,0.30,8.24,38.884287,0.626466,0.114142,3.205707,24.058502
Dynamic,i2,15.76,0.32,8.17,39.226713,0.615683,0.113616,3.365348,29.346779
Dynamic,i2,15.77,0.27,8.19,39.268793,0.623047,0.113879,3.376394,10.071303
Dynamic,i2,15.77,0.34,8.45,38.718860,0.644350,0.117561,3.383495,28.967946
Dynamic,i2,15.78,0.28,8.18,39.707740,0.623310,0.114142,3.456609,28.768319
Dynamic,i2,15.79,0.31,8.23,40.129592,0.630148,0.118876,3.456872,13.942406
Dynamic,i2,15.80,0.35,8.38,39.663556,0.627518,0.113353,3.398486,28.746734
Dynamic,i2,15.83,0.32,8.36,39.449474,0.625940,0.113090,3.341941,24.132964
Dynamic,i2,15.83,0.34,8.42,43.941777,0.662497,0.124136,3.894241,21.164489
Dynamic,i2,15.83,0.37,8.52,41.839092,0.649873,0.117561,3.502634,41.916301
Dynamic,i2,15.83,0.39,8.89,40.969351,0.669861,0.120454,3.571803,30.052867
Dynamic,i2,15.84,0.25,8.29,39.056289,0.625940,0.113879,3.376131,20.322773
Dynamic,i2,15.91,0.33,8.44,40.212437,0.642772,0.117824,3.522096,6.663286
Dynamic,i2,15.94,0.31,8.49,38.936624,0.638301,0.117824,3.425575,24.388710
Dynamic,i2,15.95,0.26,8.36,40.765263,0.624625,0.116246,3.577589,52.083357
Dynamic,i2,15.96,0.31,8.30,39.449474,0.626992,0.114142,3.383495,64.708338
Dynamic,i2,15.96,0.35,8.76,41.448537,0.668546,0.124136,3.510787,29.380988
Dynamic,i2,16.04,0.21,8.38,40.987498,0.621995,0.113353,3.395593,32.697881
Dynamic,i2,16.08,0.35,8.55,40.429412,0.651714,0.117561,3.552867,12.834692
Dynamic,i2,16.11,0.30,8.71,41.239715,0.675910,0.121506,3.631241,12.933904
Dynamic,i3,13.91,0.34,8.04,42.731714,0.633830,0.082319,4.979379,15.532995
Dynamic,i3,14.68,0.40,7.66,43.755836,0.584123,0.112564,4.006016,33.906134
Dynamic,i3,14.94,0.28,7.84,43.939147,0.599114,0.104937,4.067558,12.549819
Dynamic,i3,14.96,0.30,7.72,44.024885,0.600955,0.110723,3.988921,37.652574
Dynamic,i3,15.10,0.28,7.81,40.075414,0.579389,0.106252,3.529460,11.211854
Dynamic,i3,15.38,0.31,8.05,41.819104,0.612001,0.113616,3.563124,47.769922
Dynamic,i3,15.41,0.23,8.10,40.302909,0.609371,0.113616,3.513943,25.915802
Dynamic,i3,15.44,0.31,8.11,38.054522,0.610423,0.108882,3.424523,39.214582
Dynamic,i3,15.51,0.37,8.12,40.911491,0.602270,0.112038,3.443722,9.555425
Dynamic,i3,15.52,0.26,9.42,40.890451,0.701684,0.128081,3.675951,47.848004
Dynamic,i3,15.56,0.30,8.28,40.989602,0.628044,0.114405,3.722502,31.876041
Dynamic,i3,15.58,0.30,8.00,37.490650,0.609634,0.109671,3.202551,9.307216
Dynamic,i3,15.60,0.21,7.97,39.453682,0.608319,0.110197,3.328528,27.704479
Dynamic,i3,15.60,0.28,8.10,40.032019,0.604900,0.109145,3.451612,15.543711
Dynamic,i3,15.62,0.35,8.30,39.578870,0.628044,0.112827,3.464762,36.994653
Dynamic,i3,15.63,0.33,8.21,38.914006,0.630937,0.113353,3.495533,58.180972
Dynamic,i3,15.63,0.34,8.38,38.389847,0.628044,0.114142,3.389281,20.537070
Dynamic,i3,15.64,0.36,8.21,39.986783,0.616472,0.113879,3.366137,26.158930
Dynamic,i3,15.66,0.27,8.11,39.507860,0.604374,0.110460,3.198080,25.078384
Dynamic,i3,15.66,0.39,8.45,40.488324,0.647769,0.122558,3.447930,30.037864
Dynamic,i3,15.67,0.30,8.16,39.663556,0.627518,0.113353,3.398486,63.537541
Dynamic,i3,15.69,0.34,8.35,39.056289,0.625940,0.113879,3.376131,14.114323
Dynamic,i3,15.69,0.35,8.19,39.908409,0.629622,0.120717,3.367715,21.188277
Dynamic,i3,15.70,0.31,8.40,39.706951,0.617787,0.113879,3.719609,12.243520
Dynamic,i3,15.73,0.30,8.21,40.194553,0.620154,0.113353,3.380865,34.062221
Dynamic,i3,15.74,0.25,8.24,40.465706,0.634093,0.115457,3.556549,17.851594
Dynamic,i3,15.74,0.36,8.20,40.987498,0.621995,0.113353,3.395593,20.926729
Dynamic,i3,15.75,0.35,8.37,39.988098,0.636723,0.113090,3.525252,53.389662
Dynamic,i3,15.76,0.34,8.21,39.643305,0.633830,0.114142,3.442144,66.704683
Dynamic,i3,15.77,0.32,8.51,40.467284,0.650925,0.117824,3.591791,38.780205
Dynamic,i3,15.78,0.28,8.24,39.213300,0.626992,0.113879,3.322742,7.437913
Dynamic,i3,15.79,0.25,8.23,40.140638,0.621206,0.113090,3.409006,40.285922
Dynamic,i3,15.79,0.35,8.32,39.449474,0.625940,0.113090,3.341941,27.375395
Dynamic,i3,15.81,0.30,8.25,40.347882,0.629885,0.113090,3.385073,20.272356
Dynamic,i3,15.82,0.22,8.23,39.715367,0.627781,0.116772,3.354302,7.381751
Dynamic,i3,15.82,0.31,8.31,39.268793,0.623047,0.113879,3.376394,52.247068
Dynamic,i3,15.82,0.34,8.43,40.443614,0.648295,0.117824,3.463447,50.950848
Dynamic,i3,15.82,0.36,8.42,42.972359,0.662497,0.124136,3.894241,28.966106
Dynamic,i3,15.83,0.33,8.41,40.212437,0.642772,0.117824,3.522096,16.128631
Dynamic,i3,15.84,0.26,8.29,39.979156,0.621732,0.113879,3.389018,63.201003
Dynamic,i3,15.85,0.27,8.44,40.083830,0.646980,0.117035,3.489484,16.660465
Dynamic,i3,15.85,0.36,8.62,40.331576,0.651188,0.117298,3.452401,19.066515
Dynamic,i3,15.86,0.35,8.41,38.884287,0.626466,0.117824,3.318271,15.192082
Dynamic,i3,15.88,0.28,8.32,39.226713,0.615683,0.113616,3.365348,8.403714
Dynamic,i3,15.89,0.36,8.57,41.155292,0.651451,0.122558,3.558390,18.219971
Dynamic,i3,15.90,0.31,8.52,40.215856,0.654607,0.117561,3.461080,30.718993
Dynamic,i3,15.98,0.25,8.39,40.765263,0.624625,0.116246,3.669113,19.326520
Dynamic,i3,16.00,0.31,8.43,39.707740,0.645402,0.117824,3.545503,21.976698
Dynamic,i3,16.04,0.25,8.36,39.204884,0.630937,0.113879,3.443459,37.251655
Dynamic,i3,16.09,0.28,8.47,40.312640,0.650925,0.117298,3.294601,38.171823
Dynamic,i3,16.31,0.34,8.71,39.907357,0.658289,0.121243,3.511839,10.877098
Dynamic,i4,14.26,0.29,8.14,45.570799,0.618839,0.112827,4.311885,39.216875
Dynamic,i4,14.49,0.24,7.73,41.809636,0.610949,0.078900,4.892852,41.267632
Dynamic,i4,14.55,0.29,8.32,46.258018,0.626992,0.120980,4.238771,33.917263
Dynamic,i4,15.01,0.37,8.76,40.949363,0.673017,0.119665,3.680422,55.899006
Dynamic,i4,15.02,0.34,8.83,41.350964,0.669335,0.119928,3.605204,65.232927
Dynamic,i4,15.04,0.34,8.73,41.120050,0.666179,0.121243,3.526830,40.565130
Dynamic,i4,15.14,0.32,8.53,40.488324,0.647769,0.122558,3.447930,106.438267
Dynamic,i4,15.18,0.34,7.86,40.665323,0.591750,0.109671,3.563124,90.514144
Dynamic,i4,15.20,0.30,7.88,44.024885,0.600955,0.110723,4.099907,11.636228
Dynamic,i4,15.33,0.32,8.04,41.464317,0.600429,0.110197,3.656752,56.519963
Dynamic,i4,15.40,0.28,9.26,41.866444,0.704577,0.128081,3.774576,41.200177
Dynamic,i4,15.42,0.35,8.22,41.756773,0.629359,0.117298,3.614146,30.834950
Dynamic,i4,15.48,0.31,8.66,38.718860,0.644350,0.117561,3.505790,39.330665
Dynamic,i4,15.52,0.29,8.23,39.112308,0.630148,0.114142,3.479490,13.756490
Dynamic,i4,15.61,0.31,8.06,38.081085,0.606741,0.110460,3.276980,36.792154
Dynamic,i4,15.62,0.39,8.23,40.880194,0.623836,0.114142,3.304595,44.077564
Dynamic,i4,15.63,0.27,8.20,40.989602,0.628044,0.114405,3.722502,40.131965
Dynamic,i4,15.63,0.33,8.22,41.480097,0.624888,0.112827,3.559179,16.966627
Dynamic,i4,15.63,0.40,9.02,40.519621,0.676699,0.124662,3.579693,107.617319
Dynamic,i4,15.64,0.29,8.13,38.689930,0.601481,0.113090,3.409006,12.797814
Dynamic,i4,15.65,0.29,8.05,39.768756,0.604637,0.112564,3.486328,20.860151
Dynamic,i4,15.66,0.29,8.24,42.972359,0.640931,0.120454,3.803506,42.478057
Dynamic,i4,15.66,0.30,8.11,38.926630,0.610160,0.115194,3.354302,76.938699
Dynamic,i4,15.67,0.29,8.10,38.343033,0.608582,0.109934,3.116287,59.610772
Dynamic,i4,15.68,0.26,8.12,38.469273,0.607793,0.113090,3.354302,13.713868
Dynamic,i4,15.68,0.36,8.50,41.839092,0.649873,0.117561,3.502634,23.338834
Dynamic,i4,15.68,0.38,8.21,39.268793,0.623047,0.113879,3.376394,15.798338
Dynamic,i4,15.68,0.38,8.34,39.979156,0.621732,0.113879,3.389018,63.281168
Dynamic,i4,15.69,0.20,8.15,39.706951,0.617787,0.113879,3.613094,30.283866
Dynamic,i4,15.70,0.34,8.36,39.065231,0.631200,0.113616,3.344834,61.295241
Dynamic,i4,15.71,0.34,8.37,39.988098,0.636723,0.113090,3.525252,44.051897
Dynamic,i4,15.78,0.30,8.78,41.995051,0.674595,0.122821,3.690942,46.812829
Dynamic,i4,15.78,0.33,8.35,39.643305,0.633830,0.114142,3.442144,16.749174
Dynamic,i4,15.79,0.29,8.37,40.347882,0.629885,0.113090,3.385073,26.213762
Dynamic,i4,15.85,0.29,8.29,39.449474,0.625940,0.113090,3.341941,12.296109
Dynamic,i4,15.86,0.26,8.25,40.194553,0.620154,0.113353,3.380865,139.825566
Dynamic,i4,15.92,0.37,8.94,40.697409,0.673543,0.120454,3.673321,26.549598
Dynamic,i4,15.94,0.22,8.37,39.986783,0.616472,0.113879,3.366137,11.763563
Dynamic,i4,15.94,0.32,8.39,38.731221,0.626992,0.113353,3.489484,24.517963
Dynamic,i4,15.98,0.38,8.62,40.215856,0.654607,0.117561,3.461080,24.451460
Dynamic,i4,15.99,0.34,8.60,40.150895,0.649873,0.117824,3.318271,17.122963
Dynamic,i4,15.99,0.42,8.82,41.531908,0.672491,0.128081,3.509209,7.499166
Dynamic,i4,16.00,0.34,8.66,39.805050,0.651188,0.117035,3.381128,25.821632
Dynamic,i4,16.01,0.25,8.58,40.573799,0.648821,0.117035,3.506842,40.828135
Dynamic,i4,16.05,0.27,8.53,40.569854,0.649084,0.117561,3.428468,8.420127
Dynamic,i4,16.06,0.26,8.48,40.212437,0.642772,0.117824,3.522096,9.781508
Dynamic,i4,16.08,0.36,8.77,41.070343,0.673806,0.121243,3.625455,30.934580
Dynamic,i4,16.13,0.26,8.30,40.987498,0.621995,0.113353,3.395593,48.529503
Dynamic,i4,16.19,0.36,8.46,40.796034,0.645402,0.117824,3.545503,49.537805
Dynamic,i4,16.20,0.27,8.52,40.195342,0.636723,0.117298,3.450823,71.688047
Dynamic,i4,16.22,0.30,8.55,42.792993,0.643824,0.119402,3.650703,16.394170
CFS,i1,13.93,0.24,7.32,36.530700,0.539939,0.106515,3.093669,2.792433
CFS,i1,14.11,0.26,7.75,38.597354,0.579652,0.113879,3.133119,2.266135
CFS,i1,14.16,0.14,7.23,36.875756,0.546514,0.106515,2.958750,2.126970
CFS,i1,14.21,0.28,7.58,37.127447,0.560979,0.109934,3.169939,2.369802
CFS,i1,14.25,0.20,7.29,41.692601,0.553615,0.080215,3.965514,11.248769
CFS,i1,14.58,0.20,7.59,37.499066,0.571499,0.109145,3.093669,2.739891
CFS,i1,14.58,0.21,7.74,39.650669,0.582019,0.113879,3.220961,2.685970
CFS,i1,14.75,0.20,7.41,37.308128,0.572814,0.109671,3.212282,2.777972
CFS,i1,14.86,0.24,7.99,40.691886,0.610423,0.118350,3.413214,1.542466
CFS,i1,14.96,0.34,7.77,39.137556,0.589909,0.112564,3.278821,2.474555
CFS,i1,14.97,0.36,7.55,37.586382,0.574129,0.110460,2.982420,2.649847
CFS,i1,15.02,0.20,7.55,37.998240,0.568080,0.102570,3.155474,1.900886
CFS,i1,15.24,0.25,7.91,40.828646,0.611475,0.118350,3.297231,2.387510
CFS,i1,15.29,0.22,7.61,39.501811,0.568869,0.115457,3.259622,2.361386
CFS,i1,15.34,0.27,7.67,38.418251,0.583334,0.113616,3.124966,1.823260
CFS,i1,15.44,0.25,7.91,39.697483,0.606478,0.118087,3.158630,13.556030
CFS,i1,15.55,0.24,8.37,41.311777,0.625940,0.121769,3.486328,1.971593
CFS,i1,15.57,0.26,7.58,37.664756,0.561505,0.113616,3.162575,2.423555
CFS,i1,15.67,0.21,7.74,39.159385,0.593591,0.114142,3.205970,2.623638
CFS,i1,15.76,0.20,7.80,39.213037,0.582019,0.114405,3.090776,3.353016
CFS,i1,15.76,0.27,8.23,40.902812,0.638827,0.122295,3.382443,3.272809
CFS,i1,15.81,0.21,7.93,40.054637,0.608845,0.118087,3.307488,1.926885
CFS,i1,15.83,0.21,8.03,40.613512,0.608319,0.118087,3.200184,1.727173
CFS,i1,15.83,0.30,7.98,40.558545,0.601481,0.115194,3.312222,8.482211
CFS,i1,15.87,0.20,7.98,38.572895,0.618050,0.117298,3.271720,1.435716
CFS,i1,15.90,0.24,7.93,41.204473,0.602796,0.114931,3.262252,2.841680
CFS,i1,15.92,0.18,7.49,37.276831,0.564398,0.110460,3.057375,2.032261
CFS,i1,15.93,0.28,7.66,38.988435,0.597010,0.114142,3.124440,1.875636
CFS,i1,16.02,0.35,8.41,41.220253,0.635408,0.121506,3.501056,1.649464
CFS,i1,16.11,0.22,8.29,40.915962,0.642246,0.121769,3.410847,3.131228
CFS,i1,16.16,0.21,8.41,41.296523,0.623310,0.122295,3.252521,1.599217
CFS,i1,16.16,0.22,8.20,42.065009,0.628307,0.122295,3.535772,1.623299
CFS,i1,16.28,0.28,8.27,40.221642,0.639879,0.122295,3.438988,1.832801
CFS,i1,16.52,0.26,8.21,41.626325,0.630937,0.121243,3.470022,2.591678
CFS,i1,16.55,0.28,8.30,40.935950,0.632778,0.122032,3.392700,2.362432
CFS,i1,16.59,0.28,7.85,39.076014,0.589120,0.110986,3.233322,1.892176
CFS,i1,16.69,0.25,8.24,41.051933,0.624888,0.122295,3.367189,1.892636
CFS,i1,16.71,0.18,7.98,39.678021,0.607793,0.118087,3.238319,1.881387
CFS,i1,16.94,0.28,7.91,40.067787,0.603848,0.117035,3.278558,10.914141
CFS,i1,17.00,0.23,7.77,38.699135,0.578337,0.114405,3.133119,2.058593
CFS,i1,17.09,0.24,8.25,41.132148,0.625151,0.121506,3.292234,2.774764
CFS,i1,17.17,0.29,8.06,39.726150,0.616209,0.118350,3.282240,3.251726
CFS,i1,17.20,0.28,8.29,41.252602,0.631200,0.121769,3.350094,1.859218
CFS,i1,17.23,0.25,8.40,40.262144,0.636986,0.122295,3.337733,1.498675
CFS,i1,17.34,0.33,8.39,40.206914,0.623310,0.121243,3.303543,6.023533
CFS,i1,17.35,0.36,8.41,41.711274,0.656974,0.126240,3.511839,2.569389
CFS,i1,17.58,0.22,7.86,38.374593,0.585438,0.117298,3.374816,23.535165
CFS,i1,17.71,0.28,8.30,41.478519,0.630674,0.122295,3.281188,2.418182
CFS,i1,18.10,0.22,8.25,41.539535,0.620943,0.120717,3.517099,4.480564
CFS,i1,18.35,0.29,8.07,40.261881,0.606215,0.118350,3.139957,1.903806
CFS,i1,19.72,0.23,9.00,42.434261,0.674595,0.133341,3.644128,1.764256
CFS,i2,13.38,0.32,7.61,37.663704,0.564924,0.114405,3.031864,1.650924
CFS,i2,13.95,0.29,7.73,38.522136,0.584649,0.113090,3.168361,9.174422
CFS,i2,13.97,0.28,7.02,40.133011,0.532838,0.076533,3.858473,1.832510
CFS,i2,14.27,0.32,7.80,39.342433,0.587542,0.114142,3.093669,2.664681
CFS,i2,14.37,0.32,7.13,36.893640,0.547829,0.098625,3.052904,1.897385
CFS,i2,14.41,0.25,7.52,37.376771,0.559664,0.110460,3.101296,1.732051
CFS,i2,14.48,0.29,7.84,38.699135,0.578337,0.114405,3.133119,2.112428
CFS,i2,14.51,0.30,7.63,36.750568,0.564398,0.113353,3.045540,1.666549
CFS,i2,14.58,0.24,7.59,37.499066,0.571499,0.109145,3.093669,1.851886
CFS,i2,14.69,0.26,7.55,37.137178,0.574918,0.110460,3.070262,3.210432
CFS,i2,14.72,0.22,7.88,39.178584,0.601481,0.115194,3.312222,1.825511
CFS,i2,14.89,0.36,7.84,38.821693,0.598588,0.114405,3.164153,1.938094
CFS,i2,14.91,0.24,7.85,38.354342,0.590698,0.114142,3.186508,2.747555
CFS,i2,15.05,0.23,7.86,39.246701,0.598062,0.114405,3.216490,1.762714
CFS,i2,15.18,0.21,7.94,40.401534,0.602796,0.118350,3.197817,2.896185
CFS,i2,15.21,0.23,8.01,39.813466,0.621469,0.117824,3.305910,1.629716
CFS,i2,15.34,0.29,8.00,38.572895,0.618050,0.117298,3.271720,2.199552
CFS,i2,15.36,0.27,8.08,40.582741,0.601481,0.116772,3.350094,11.535432
CFS,i2,15.43,0.24,8.03,40.667690,0.613579,0.118087,3.311433,1.469840
CFS,i2,15.52,0.24,8.05,39.821093,0.604111,0.117561,3.234900,2.875474
CFS,i2,15.54,0.24,7.83,39.375045,0.587805,0.114405,3.175199,2.524556
CFS,i2,15.56,0.26,7.86,39.765337,0.589909,0.114405,3.128122,3.361728
CFS,i2,15.63,0.31,8.10,39.085745,0.617261,0.118350,3.224906,2.077220
CFS,i2,15.67,0.27,7.82,38.779087,0.589383,0.113879,3.149688,4.065355
CFS,i2,15.68,0.21,7.77,39.182003,0.582282,0.113616,3.162575,2.432470
CFS,i2,15.68,0.22,7.95,40.828646,0.611475,0.118350,3.297231,1.631925
CFS,i2,15.73,0.22,8.08,40.400219,0.606215,0.117824,3.382706,43.860352
CFS,i2,15.81,0.22,7.95,40.970666,0.607267,0.118350,3.431624,21.838573
CFS,i2,15.92,0.26,7.98,40.010190,0.602007,0.118350,3.142850,3.099766
CFS,i2,15.98,0.30,8.12,39.771649,0.614631,0.117561,3.501056,2.466430
CFS,i2,16.05,0.28,7.78,38.541598,0.583071,0.114405,3.258570,11.085521
CFS,i2,16.06,0.25,8.49,41.045884,0.647769,0.125977,3.297757,1.644298
CFS,i2,16.09,0.22,8.17,41.054300,0.621206,0.121769,3.387440,2.063346
CFS,i2,16.09,0.23,7.64,38.137367,0.582019,0.113879,3.220961,1.659508
CFS,i2,16.10,0.23,8.19,41.342811,0.634093,0.121506,3.526830,2.472681
CFS,i2,16.17,0.25,8.37,41.234981,0.629622,0.122032,3.415055,2.971805
CFS,i2,16.30,0.27,7.60,37.991928,0.569921,0.108619,3.278821,2.014343
CFS,i2,16.36,0.29,8.10,40.427308,0.610160,0.117298,3.370871,1.967593
CFS,i2,16.42,0.25,8.26,41.815159,0.622258,0.118876,3.343519,1.809091
CFS,i2,16.45,0.18,8.36,40.221642,0.639879,0.122295,3.438988,1.811884
CFS,i2,16.45,0.23,8.33,41.511394,0.628044,0.118876,3.455820,13.899737
CFS,i2,16.59,0.26,8.61,41.423552,0.654081,0.126240,3.335366,1.918387
CFS,i2,16.66,0.30,7.94,39.678021,0.607793,0.118087,3.238319,3.051059
CFS,i2,16.67,0.28,8.41,41.039835,0.626992,0.121243,3.556023,2.188301
CFS,i2,16.71,0.30,8.22,41.132148,0.625151,0.121506,3.292234,1.577841
CFS,i2,16.77,0.27,8.38,40.808921,0.625677,0.122295,3.371923,3.582269
CFS,i2,16.80,0.27,8.49,41.600025,0.658289,0.125977,3.401116,2.308847
CFS,i2,17.22,0.21,8.34,42.390077,0.627781,0.127292,3.479753,1.753049
CFS,i2,17.31,0.23,7.98,40.318163,0.600692,0.118350,3.308277,1.795299
CFS,i2,17.64,0.29,8.11,39.888158,0.600692,0.117824,3.243842,2.183761
CFS,i2,17.72,0.32,8.06,40.691886,0.610423,0.118350,3.413214,15.929375
CFS,i3,13.81,0.31,7.96,40.109078,0.603848,0.117561,3.184404,1.902178
CFS,i3,13.99,0.22,6.60,34.387250,0.502330,0.097047,2.765971,2.876557
CFS,i3,13.99,0.25,7.68,39.765337,0.589909,0.114405,3.128122,1.942134
CFS,i3,14.55,0.34,7.74,38.872715,0.580704,0.114405,3.039754,2.975935
CFS,i3,14.64,0.25,7.37,37.383083,0.559927,0.109934,3.030812,1.504383
CFS,i3,14.92,0.30,7.86,39.168590,0.590172,0.113353,3.269090,1.891634
CFS,i3,14.92,0.35,7.63,38.821693,0.598588,0.114405,3.164153,1.543507
CFS,i3,14.94,0.33,8.02,40.021499,0.602796,0.118350,3.258570,2.879223
CFS,i3,14.97,0.26,7.93,39.564931,0.605689,0.117298,3.374816,1.635883
CFS,i3,14.99,0.25,7.69,38.516087,0.579915,0.114405,3.212808,1.729507
CFS,i3,15.08,0.25,8.39,41.044306,0.631463,0.122032,3.334577,2.640849
CFS,i3,15.11,0.27,8.16,41.423552,0.621995,0.122295,3.419263,3.421309
CFS,i3,15.25,0.25,8.26,41.399356,0.631463,0.120454,3.485276,1.524176
CFS,i3,15.26,0.30,8.32,41.322823,0.634882,0.122032,3.414003,1.965799
CFS,i3,15.33,0.23,8.10,40.180351,0.604900,0.117561,3.269879,1.556342
CFS,i3,15.39,0.24,7.94,40.418103,0.618313,0.118087,3.233322,2.692139
CFS,i3,15.40,0.26,7.37,39.501811,0.568869,0.115457,3.153107,2.350306
CFS,i3,15.42,0.25,8.06,40.553022,0.607793,0.118350,3.283292,2.001926
CFS,i3,15.52,0.22,7.26,36.189852,0.553352,0.106515,2.879324,2.015758
CFS,i3,15.63,0.30,7.65,40.355246,0.582019,0.110986,3.154948,1.821802
CFS,i3,15.65,0.23,8.14,40.370763,0.607793,0.118876,3.455820,3.628561
CFS,i3,15.66,0.24,8.03,39.039194,0.619102,0.118350,3.333788,9.002380
CFS,i3,15.90,0.30,8.04,39.726150,0.616209,0.118350,3.282240,2.647472
CFS,i3,15.94,0.32,8.09,40.054637,0.608845,0.118087,3.307488,2.591597
CFS,i3,15.95,0.31,7.82,43.703499,0.595958,0.087579,4.160397,1.933845
CFS,i3,16.00,0.20,8.16,41.252602,0.631200,0.121769,3.350094,1.470260
CFS,i3,16.03,0.23,7.66,37.712885,0.596484,0.114405,3.119443,1.975137
CFS,i3,16.09,0.28,8.44,42.249898,0.649873,0.126240,3.587583,6.186701
CFS,i3,16.16,0.25,8.05,40.261881,0.606215,0.118350,3.139957,1.844220
CFS,i3,16.17,0.24,7.75,38.312525,0.585701,0.114142,3.053956,2.815722
CFS,i3,16.22,0.26,7.82,39.866066,0.586227,0.114405,3.325109,17.666174
CFS,i3,16.24,0.29,8.41,41.249709,0.624362,0.126240,3.431624,2.756306
CFS,i3,16.29,0.29,8.27,40.935950,0.632778,0.122032,3.392700,1.692719
CFS,i3,16.42,0.21,8.32,40.915962,0.642246,0.121769,3.410847,1.660136
CFS,i3,16.47,0.25,7.88,38.522136,0.584649,0.113090,3.278558,1.891761
CFS,i3,16.52,0.29,8.06,40.344463,0.618313,0.118350,3.316956,2.632931
CFS,i3,16.55,0.32,7.81,39.143079,0.584649,0.113879,3.277243,2.791722
CFS,i3,16.75,0.32,8.31,40.808921,0.625677,0.122295,3.371923,1.422504
CFS,i3,16.76,0.31,8.26,41.054300,0.621206,0.121769,3.387440,2.306173
CFS,i3,16.85,0.27,8.65,41.502715,0.639616,0.125714,3.484487,14.417075
CFS,i3,16.90,0.26,7.96,40.828646,0.611475,0.118350,3.297231,18.922766
CFS,i3,17.15,0.25,8.30,41.220253,0.635408,0.121506,3.501056,15.690875
CFS,i3,17.28,0.27,8.54,41.401986,0.641457,0.125451,3.403746,10.679266
CFS,i3,17.35,0.27,8.33,41.342811,0.634093,0.121506,3.526830,2.846639
CFS,i3,17.40,0.29,8.22,41.230247,0.628833,0.122032,3.296968,6.321240
CFS,i3,17.54,0.30,8.41,41.586349,0.646454,0.117298,3.637553,1.639927
CFS,i3,17.64,0.23,8.90,41.243397,0.654344,0.130185,3.521570,7.587872
CFS,i3,17.64,0.25,8.33,40.206914,0.623310,0.121243,3.303543,1.589967
CFS,i3,18.22,0.24,8.41,41.037205,0.633041,0.124925,3.466340,19.452938
CFS,i3,18.27,0.34,8.98,41.623432,0.694320,0.132289,3.625192,1.524592
CFS,i3,19.37,0.32,8.24,41.707592,0.621995,0.119139,3.419526,1.971008
CFS,i4,13.10,0.22,7.48,37.903297,0.560453,0.107304,3.105767,24.931888
CFS,i4,14.31,0.25,7.67,39.866066,0.586227,0.114405,3.325109,1.843052
CFS,i4,14.41,0.27,7.57,38.957927,0.560716,0.107041,3.154948,3.028765
CFS,i4,14.42,0.18,7.55,37.547458,0.569132,0.109934,3.041069,1.920013
CFS,i4,14.46,0.30,6.87,35.435568,0.529156,0.099151,2.911147,1.947095
CFS,i4,14.50,0.22,8.03,39.564931,0.605689,0.117298,3.374816,6.601329
CFS,i4,14.52,0.20,7.49,37.655025,0.576496,0.110460,3.108134,1.721846
CFS,i4,14.59,0.22,7.50,36.750568,0.564398,0.109408,2.937447,12.354188
CFS,i4,14.75,0.29,7.26,36.640634,0.549144,0.105463,3.058953,2.599805
CFS,i4,14.76,0.18,7.42,42.749072,0.574918,0.083897,4.064928,2.233055
CFS,i4,14.77,0.26,7.78,39.765337,0.589909,0.114405,3.128122,1.687718
CFS,i4,14.79,0.29,7.78,38.506093,0.587542,0.114142,3.133645,3.436769
CFS,i4,14.80,0.23,7.84,38.641012,0.584123,0.114405,3.162312,1.691134
CFS,i4,14.98,0.21,7.84,39.176743,0.590172,0.118350,3.413214,2.544765
CFS,i4,15.02,0.23,8.08,40.261881,0.606215,0.118350,3.139957,1.649427
CFS,i4,15.06,0.31,7.48,38.182340,0.562031,0.108882,3.086831,1.688340
CFS,i4,15.14,0.22,8.16,41.184485,0.635934,0.122295,3.371660,2.543470
CFS,i4,15.29,0.26,7.88,38.516087,0.579915,0.114405,3.298020,3.497351
CFS,i4,15.30,0.26,7.80,38.988435,0.597010,0.114142,3.124440,12.455773
CFS,i4,15.34,0.20,7.65,39.342433,0.587542,0.114142,3.093669,1.462923
CFS,i4,15.38,0.29,8.14,39.085745,0.636986,0.122295,3.337733,1.654303
CFS,i4,15.40,0.26,8.23,41.700491,0.632778,0.122295,3.401642,2.745017
CFS,i4,15.44,0.22,7.68,38.418251,0.583334,0.113616,3.124966,2.751807
CFS,i4,15.46,0.30,7.99,40.060160,0.614368,0.117035,3.294338,1.871342
CFS,i4,15.51,0.27,8.24,42.390077,0.627781,0.127292,3.479753,3.582732
CFS,i4,15.54,0.27,8.04,39.771649,0.614631,0.117561,3.391648,3.101017
CFS,i4,15.55,0.22,7.69,39.650669,0.582019,0.113879,3.220961,2.369304
CFS,i4,15.56,0.16,7.56,37.429897,0.557560,0.110460,3.026078,1.979717
CFS,i4,15.57,0.30,7.62,39.143079,0.584649,0.113879,3.277243,1.665509
CFS,i4,15.75,0.24,8.06,40.494110,0.608319,0.109934,3.365874,1.365883
CFS,i4,15.76,0.22,7.56,37.430160,0.566502,0.114142,3.200447,4.214857
CFS,i4,15.76,0.27,7.73,37.229754,0.597010,0.113353,3.168098,1.965346
CFS,i4,15.82,0.26,8.05,39.950489,0.614105,0.117561,3.425049,1.618674
CFS,i4,15.82,0.28,8.15,39.696957,0.634619,0.122295,3.258833,2.629391
CFS,i4,15.98,0.22,8.19,41.051933,0.624888,0.122295,3.367189,3.203311
CFS,i4,16.09,0.26,7.89,38.354342,0.611738,0.118087,3.291971,1.701092
CFS,i4,16.12,0.20,8.45,41.355698,0.645139,0.124925,3.456872,9.580260
CFS,i4,16.14,0.24,7.83,38.623391,0.584386,0.117561,3.184404,1.786008
CFS,i4,16.15,0.26,8.13,39.697483,0.606478,0.118087,3.247524,1.771551
CFS,i4,16.25,0.31,8.07,40.440458,0.612001,0.116509,3.384547,1.769426
CFS,i4,16.49,0.25,7.64,39.159385,0.593591,0.114142,3.205970,2.055050
CFS,i4,16.52,0.29,7.63,38.458490,0.600429,0.113879,3.196239,2.499390
CFS,i4,16.62,0.34,8.04,40.318163,0.600692,0.118350,3.308277,12.207562
CFS,i4,16.73,0.22,8.01,40.401534,0.602796,0.118350,3.197817,2.923805
CFS,i4,16.76,0.24,8.33,40.871252,0.620417,0.121769,3.354039,8.162500
CFS,i4,16.86,0.27,8.36,40.221642,0.639879,0.122295,3.438988,2.448137
CFS,i4,16.94,0.21,8.13,39.658033,0.602007,0.117824,3.273561,12.706648
CFS,i4,17.00,0.22,8.46,41.741782,0.641983,0.125188,3.462132,1.587967
CFS,i4,17.12,0.23,8.13,40.010190,0.602007,0.118350,3.142850,13.490279
CFS,i4,18.03,0.25,8.31,41.540587,0.627781,0.122295,3.404272,2.407719
CFS,i4,18.31,0.24,8.41,40.902812,0.638827,0.122295,3.493429,2.608598
Tetris ct,i1,10.40,0.28,8.13,44.831885,0.539413,0.063909,1.408102,9.492264
Tetris ct,i1,10.97,0.29,8.28,45.257829,0.604374,0.126240,1.545914,19.315440
Tetris ct,i1,11.29,0.34,8.41,47.200610,0.626466,0.136497,1.589835,17.603342
Tetris ct,i1,11.29,0.35,8.43,46.906313,0.632252,0.134656,1.545125,35.140481
Tetris ct,i1,11.29,0.36,8.43,45.150788,0.599903,0.127555,1.552226,56.407431
Tetris ct,i1,11.30,0.37,8.46,44.908039,0.629885,0.134656,1.549070,22.409663
Tetris ct,i1,11.31,0.30,8.39,46.018688,0.608056,0.135182,1.597462,57.681106
Tetris ct,i1,11.31,0.30,8.41,44.852020,0.626203,0.134656,1.547755,22.887788
Tetris ct,i1,11.31,0.33,8.41,45.596047,0.609108,0.135971,1.561168,17.272009
Tetris ct,i1,11.31,0.33,8.42,45.672843,0.631989,0.135182,1.570899,11.609515
Tetris ct,i1,11.32,0.31,8.42,45.179981,0.605426,0.135445,1.579052,48.518848
Tetris ct,i1,11.32,0.32,8.41,45.075833,0.607793,0.130711,1.501467,8.440172
Tetris ct,i1,11.32,0.32,8.42,45.557649,0.609634,0.135708,1.576422,83.785911
Tetris ct,i1,11.33,0.30,8.41,44.873323,0.604637,0.134656,1.547755,20.513821
Tetris ct,i1,11.33,0.31,8.39,45.833010,0.635408,0.134919,1.554593,24.100086
Tetris ct,i1,11.34,0.26,8.40,46.312985,0.628570,0.135445,1.552226,113.297779
Tetris ct,i1,11.34,0.30,8.42,46.691179,0.627255,0.134656,1.557749,9.136089
Tetris ct,i1,11.34,0.32,8.42,45.174195,0.604111,0.134656,1.545388,24.482301
Tetris ct,i1,11.34,0.33,8.41,44.861488,0.608056,0.134919,1.553541,27.594108
Tetris ct,i1,11.34,0.33,8.43,47.374190,0.626466,0.135708,1.555119,38.432919
Tetris ct,i1,11.35,0.27,8.41,46.945237,0.626729,0.134919,1.554330,101.463087
Tetris ct,i1,11.35,0.28,8.42,45.458235,0.605689,0.132026,1.576159,10.428097
Tetris ct,i1,11.35,0.28,8.43,45.792245,0.627518,0.137549,1.590624,44.987579
Tetris ct,i1,11.35,0.31,8.42,45.049270,0.607004,0.130974,1.544862,26.662482
Tetris ct,i1,11.35,0.31,8.44,45.685467,0.628833,0.136234,1.583260,31.290500
Tetris ct,i1,11.36,0.26,8.39,46.859762,0.625151,0.134656,1.544073,42.011395
Tetris ct,i1,11.36,0.29,8.42,46.438173,0.625940,0.134919,1.549859,44.514241
Tetris ct,i1,11.36,0.29,8.43,45.738067,0.609897,0.137549,1.589046,34.524309
Tetris ct,i1,11.36,0.29,8.43,47.112242,0.626992,0.134656,1.547492,12.433235
Tetris ct,i1,11.36,0.30,8.42,47.194035,0.625940,0.135971,1.580367,37.265995
Tetris ct,i1,11.36,0.32,8.44,45.531612,0.607004,0.135182,1.583260,29.665744
Tetris ct,i1,11.37,0.25,8.42,46.785859,0.626992,0.133604,1.552752,32.729554
Tetris ct,i1,11.37,0.27,8.41,44.528793,0.635671,0.135445,1.551700,18.851643
Tetris ct,i1,11.37,0.27,8.41,46.699858,0.630674,0.135708,1.576159,53.282289
Tetris ct,i1,11.37,0.29,8.44,45.520566,0.631726,0.135182,1.559327,38.149833
Tetris ct,i1,11.37,0.30,8.44,44.958272,0.633041,0.135971,1.557749,16.753755
Tetris ct,i1,11.38,0.26,8.42,45.446137,0.626466,0.133078,1.534079,25.795350
Tetris ct,i1,11.38,0.27,8.42,46.864496,0.626992,0.135182,1.555382,41.615267
Tetris ct,i1,11.39,0.26,8.42,46.149136,0.624888,0.134919,1.542758,8.434380
Tetris ct,i1,11.40,0.22,8.40,45.175510,0.606478,0.134919,1.545125,7.874748
Tetris ct,i1,11.40,0.24,8.42,46.732996,0.623310,0.134130,1.569847,21.854951
Tetris ct,i1,11.40,0.25,8.43,47.161949,0.629359,0.135971,1.580893,45.350161
Tetris ct,i1,11.40,0.28,8.41,44.765756,0.605689,0.134656,1.548018,27.498609
Tetris ct,i1,11.42,0.22,8.42,46.889218,0.633830,0.134919,1.543547,64.680598
Tetris ct,i1,11.42,0.23,8.43,44.858332,0.611738,0.134393,1.544862,40.859469
Tetris ct,i1,11.42,0.26,8.45,46.596499,0.633041,0.134656,1.543284,18.763352
Tetris ct,i1,11.43,0.23,8.41,46.080493,0.629885,0.135971,1.580893,31.241047
Tetris ct,i1,11.43,0.24,8.45,44.631363,0.609897,0.134919,1.548018,37.699165
Tetris ct,i1,11.44,0.25,8.44,46.924723,0.624625,0.134656,1.546440,16.062045
Tetris ct,i1,11.45,0.18,8.40,47.217968,0.631200,0.136497,1.591939,58.626901
Tetris ct,i2,11.00,0.23,8.25,48.004075,0.597010,0.092576,1.780247,25.282426
Tetris ct,i2,11.25,0.36,8.41,45.596047,0.628570,0.135971,1.561168,68.116867
Tetris ct,i2,11.26,0.36,8.43,45.833010,0.635408,0.134919,1.554593,34.907648
Tetris ct,i2,11.28,0.31,8.40,45.257829,0.604374,0.122295,1.498574,19.547519
Tetris ct,i2,11.28,0.33,8.43,46.691179,0.627255,0.134656,1.557749,26.969603
Tetris ct,i2,11.31,0.32,8.41,46.889218,0.633830,0.134919,1.543547,68.025992
Tetris ct,i2,11.31,0.33,8.42,44.837292,0.613579,0.134656,1.543284,30.278790
Tetris ct,i2,11.32,0.30,8.40,45.792245,0.607793,0.133078,1.590624,13.912117
Tetris ct,i2,11.32,0.31,8.43,46.215412,0.635671,0.135445,1.551700,90.025903
Tetris ct,i2,11.33,0.27,8.38,45.531612,0.607004,0.130974,1.583260,29.326953
Tetris ct,i2,11.33,0.27,8.41,45.210489,0.632252,0.134656,1.545125,89.479819
Tetris ct,i2,11.33,0.31,8.41,45.526615,0.605952,0.134656,1.546440,23.054335
Tetris ct,i2,11.34,0.26,8.39,45.779358,0.607793,0.130448,1.547492,13.142696
Tetris ct,i2,11.34,0.28,8.41,45.670739,0.626729,0.134919,1.554330,20.409691
Tetris ct,i2,11.34,0.29,8.42,45.150788,0.599903,0.127555,1.552226,40.941718
Tetris ct,i2,11.34,0.30,8.42,47.589061,0.627255,0.135182,1.597462,32.890718
Tetris ct,i2,11.34,0.30,8.43,46.732996,0.623310,0.134130,1.569847,33.560892
Tetris ct,i2,11.34,0.32,8.42,46.859762,0.625151,0.134656,1.544073,9.656719
Tetris ct,i2,11.35,0.28,8.41,44.526689,0.603059,0.114931,1.501467,14.681121
Tetris ct,i2,11.35,0.29,8.41,44.858332,0.611738,0.134393,1.544862,56.769976
Tetris ct,i2,11.35,0.30,8.42,46.438173,0.625940,0.134919,1.549859,139.506506
Tetris ct,i2,11.35,0.32,8.44,46.750880,0.627255,0.134919,1.551174,7.723955
Tetris ct,i2,11.35,0.32,8.45,47.133019,0.625151,0.136234,1.576159,18.300845
Tetris ct,i2,11.36,0.26,8.42,46.080493,0.629885,0.135971,1.580893,41.930479
Tetris ct,i2,11.36,0.30,8.43,46.281425,0.626466,0.135182,1.544862,39.175629
Tetris ct,i2,11.37,0.24,8.39,45.415366,0.609897,0.131500,1.532238,45.480247
Tetris ct,i2,11.37,0.24,8.40,45.517936,0.607267,0.129396,1.552752,27.183233
Tetris ct,i2,11.37,0.27,8.41,45.738067,0.629096,0.137549,1.589046,73.435229
Tetris ct,i2,11.37,0.27,8.43,45.915329,0.626466,0.136497,1.589835,26.305893
Tetris ct,i2,11.37,0.27,8.43,46.699858,0.630674,0.135708,1.576159,97.368193
Tetris ct,i2,11.37,0.27,8.43,47.217968,0.631200,0.136497,1.591939,29.467785
Tetris ct,i2,11.37,0.28,8.44,45.446137,0.626466,0.133078,1.534079,26.342980
Tetris ct,i2,11.37,0.30,8.41,46.605178,0.627255,0.134919,1.553541,77.177044
Tetris ct,i2,11.37,0.31,8.44,47.194035,0.625940,0.135971,1.580367,31.504254
Tetris ct,i2,11.38,0.24,8.39,45.174195,0.604111,0.130448,1.545388,10.956892
Tetris ct,i2,11.38,0.24,8.40,44.505123,0.605163,0.130448,1.542758,9.333135
Tetris ct,i2,11.38,0.25,8.40,44.958272,0.633041,0.135971,1.557749,34.314393
Tetris ct,i2,11.39,0.21,8.40,44.631363,0.629359,0.134919,1.548018,85.157586
Tetris ct,i2,11.39,0.22,8.40,44.873323,0.624625,0.134656,1.547755,154.101963
Tetris ct,i2,11.39,0.23,8.40,45.672843,0.612264,0.130974,1.570899,19.086311
Tetris ct,i2,11.39,0.26,8.41,45.685467,0.609371,0.136234,1.583260,38.478582
Tetris ct,i2,11.39,0.27,8.43,44.852020,0.626203,0.134656,1.547755,22.382039
Tetris ct,i2,11.40,0.21,8.41,45.276239,0.607793,0.135182,1.555382,38.314415
Tetris ct,i2,11.40,0.23,8.40,45.557649,0.609634,0.131237,1.576422,22.588996
Tetris ct,i2,11.40,0.23,8.42,45.179981,0.605426,0.135445,1.579052,53.247792
Tetris ct,i2,11.40,0.25,8.43,46.917096,0.631726,0.135182,1.559327,29.890954
Tetris ct,i2,11.40,0.28,8.42,47.374190,0.626466,0.135708,1.555119,57.302100
Tetris ct,i2,11.41,0.25,8.43,46.532853,0.629885,0.134656,1.549070,16.820634
Tetris ct,i2,11.41,0.28,8.42,46.312985,0.628570,0.135445,1.552226,47.868797
Tetris ct,i2,11.42,0.24,8.43,46.442381,0.625677,0.134919,1.545125,62.567006
Tetris ct,i2,11.43,0.19,8.41,44.765756,0.605689,0.134656,1.548018,62.102253
Tetris ct,i3,11.02,0.21,8.28,48.004075,0.597010,0.092576,1.780247,36.058530
Tetris ct,i3,11.29,0.33,8.41,45.769364,0.631200,0.136497,1.591939,24.197297
Tetris ct,i3,11.29,0.34,8.42,45.210489,0.632252,0.134656,1.545125,52.512164
Tetris ct,i3,11.30,0.30,8.38,44.526689,0.603059,0.114931,1.501467,12.383654
Tetris ct,i3,11.30,0.30,8.40,44.997722,0.603322,0.134130,1.569847,32.190964
Tetris ct,i3,11.30,0.31,8.42,46.622010,0.619891,0.127555,1.552226,46.447790
Tetris ct,i3,11.31,0.30,8.40,45.803291,0.625940,0.135971,1.580367,22.043580
Tetris ct,i3,11.32,0.27,8.40,45.257829,0.604374,0.126240,1.545914,14.633328
Tetris ct,i3,11.32,0.29,8.40,45.685467,0.628833,0.136234,1.583260,21.387864
Tetris ct,i3,11.32,0.30,8.40,44.858332,0.631200,0.134393,1.544862,35.514316
Tetris ct,i3,11.32,0.31,8.43,46.864496,0.626992,0.135182,1.555382,78.463385
Tetris ct,i3,11.32,0.32,8.42,45.738067,0.629096,0.137549,1.589046,37.564285
Tetris ct,i3,11.33,0.28,8.41,47.133019,0.625151,0.136234,1.576159,40.031595
Tetris ct,i3,11.33,0.29,8.40,44.920663,0.606741,0.134919,1.549859,40.574345
Tetris ct,i3,11.33,0.29,8.42,45.296227,0.630674,0.135708,1.576159,68.699124
Tetris ct,i3,11.33,0.30,8.41,46.950234,0.626466,0.135182,1.583260,20.367196
Tetris ct,i3,11.33,0.31,8.41,44.861488,0.608056,0.134919,1.553541,29.716661
Tetris ct,i3,11.34,0.26,8.40,46.080493,0.629885,0.135971,1.580893,35.185566
Tetris ct,i3,11.34,0.33,8.44,47.192983,0.627518,0.137549,1.590624,11.836940
Tetris ct,i3,11.35,0.25,8.41,45.517936,0.626992,0.133604,1.552752,35.649107
Tetris ct,i3,11.35,0.26,8.40,44.505123,0.624888,0.134919,1.542758,8.333090
Tetris ct,i3,11.35,0.30,8.42,45.779358,0.626992,0.134656,1.547492,6.844119
Tetris ct,i3,11.35,0.31,8.42,46.787174,0.628833,0.135708,1.576422,73.490400
Tetris ct,i3,11.35,0.31,8.44,47.024400,0.628570,0.135971,1.561168,22.688079
Tetris ct,i3,11.36,0.25,8.40,45.670739,0.607267,0.134919,1.554330,24.615090
Tetris ct,i3,11.36,0.28,8.40,45.007716,0.627255,0.134656,1.557749,94.175807
Tetris ct,i3,11.36,0.28,8.42,46.924723,0.624625,0.134656,1.546440,35.363440
Tetris ct,i3,11.36,0.28,8.43,46.442381,0.625677,0.134919,1.545125,88.195732
Tetris ct,i3,11.37,0.24,8.40,45.049270,0.607004,0.130974,1.544862,61.915043
Tetris ct,i3,11.37,0.26,8.42,43.993062,0.626466,0.133078,1.534079,27.101352
Tetris ct,i3,11.37,0.27,8.43,45.915329,0.626466,0.136497,1.589835,85.905798
Tetris ct,i3,11.37,0.28,8.41,45.672843,0.612264,0.135182,1.570899,8.174586
Tetris ct,i3,11.37,0.28,8.42,46.750880,0.627255,0.134919,1.551174,25.799265
Tetris ct,i3,11.38,0.23,8.40,45.152892,0.614368,0.130711,1.543547,24.302423
Tetris ct,i3,11.38,0.24,8.40,44.243175,0.615946,0.134919,1.554593,32.086548
Tetris ct,i3,11.38,0.25,8.41,44.852020,0.626203,0.134656,1.547755,28.839863
Tetris ct,i3,11.39,0.23,8.40,46.018688,0.608056,0.130974,1.597462,6.232745
Tetris ct,i3,11.39,0.24,8.40,44.873323,0.624625,0.134656,1.547755,94.858682
Tetris ct,i3,11.39,0.27,8.40,44.958272,0.633041,0.135971,1.557749,86.483009
Tetris ct,i3,11.39,0.27,8.44,46.532853,0.629885,0.134656,1.549070,42.815109
Tetris ct,i3,11.39,0.29,8.45,46.596499,0.633041,0.134656,1.543284,41.390845
Tetris ct,i3,11.40,0.22,8.42,46.113368,0.629359,0.134919,1.548018,65.977232
Tetris ct,i3,11.40,0.25,8.44,47.161949,0.629359,0.135971,1.580893,32.575306
Tetris ct,i3,11.41,0.24,8.45,46.215412,0.635671,0.135445,1.551700,41.768351
Tetris ct,i3,11.41,0.25,8.41,45.048744,0.628570,0.135445,1.552226,26.646018
Tetris ct,i3,11.41,0.25,8.42,45.695724,0.626466,0.135708,1.555119,33.772436
Tetris ct,i3,11.41,0.26,8.42,45.249413,0.625151,0.134656,1.544073,22.677789
Tetris ct,i3,11.42,0.20,8.41,45.179981,0.605426,0.135445,1.579052,33.753016
Tetris ct,i3,11.42,0.21,8.43,46.917096,0.631726,0.135182,1.559327,74.310446
Tetris ct,i3,11.43,0.23,8.42,46.757718,0.623573,0.134656,1.545388,22.124747
Tetris ct,i3,11.43,0.25,8.42,46.465788,0.625151,0.134656,1.548018,13.809325
Tetris ct,i4,10.92,0.30,8.27,48.004075,0.597010,0.092576,1.780247,48.262221
Tetris ct,i4,11.27,0.35,8.40,45.174195,0.604111,0.130448,1.545388,16.340131
Tetris ct,i4,11.28,0.34,8.40,45.596047,0.609108,0.135971,1.561168,50.992650
Tetris ct,i4,11.28,0.38,8.42,46.750880,0.627255,0.134919,1.551174,18.733806
Tetris ct,i4,11.29,0.33,8.42,46.409506,0.631200,0.134393,1.544862,40.399262
Tetris ct,i4,11.30,0.31,8.41,45.152892,0.614368,0.134919,1.543547,49.740350
Tetris ct,i4,11.30,0.32,8.40,45.557649,0.609634,0.135708,1.576422,21.480577
Tetris ct,i4,11.30,0.33,8.42,46.215412,0.635671,0.135445,1.551700,32.467594
Tetris ct,i4,11.31,0.30,8.40,45.779358,0.607793,0.134656,1.547492,51.723991
Tetris ct,i4,11.31,0.30,8.41,47.138805,0.631989,0.135182,1.570899,11.913566
Tetris ct,i4,11.32,0.28,8.42,46.531801,0.623836,0.126240,1.545914,21.422323
Tetris ct,i4,11.32,0.30,8.41,45.175510,0.625677,0.134919,1.545125,46.270835
Tetris ct,i4,11.32,0.31,8.41,45.695724,0.626466,0.135708,1.555119,24.661924
Tetris ct,i4,11.32,0.31,8.43,45.458235,0.625151,0.136234,1.576159,9.627887
Tetris ct,i4,11.32,0.33,8.43,46.699858,0.630674,0.135708,1.576159,25.362056
Tetris ct,i4,11.33,0.26,8.40,45.738067,0.629096,0.137549,1.589046,32.074757
Tetris ct,i4,11.34,0.27,8.40,46.080493,0.610423,0.131500,1.580893,20.896115
Tetris ct,i4,11.34,0.29,8.40,45.792245,0.607793,0.137549,1.590624,32.890013
Tetris ct,i4,11.34,0.29,8.42,44.908039,0.629885,0.134656,1.549070,12.074358
Tetris ct,i4,11.34,0.29,8.43,46.541006,0.624625,0.135445,1.579052,68.872039
Tetris ct,i4,11.34,0.30,8.42,45.526615,0.624625,0.134656,1.546440,44.452576
Tetris ct,i4,11.34,0.31,8.44,47.194035,0.625940,0.135971,1.580367,96.788563
Tetris ct,i4,11.35,0.28,8.43,46.732996,0.623310,0.134130,1.569847,103.707140
Tetris ct,i4,11.35,0.29,8.41,45.670739,0.626729,0.134919,1.554330,15.452792
Tetris ct,i4,11.35,0.29,8.43,47.200610,0.626466,0.136497,1.589835,28.299864
Tetris ct,i4,11.35,0.31,8.41,46.018688,0.627255,0.135182,1.597462,8.541838
Tetris ct,i4,11.35,0.31,8.42,46.691179,0.627255,0.134656,1.557749,42.147483
Tetris ct,i4,11.36,0.27,8.40,45.415366,0.629359,0.135971,1.580893,89.535279
Tetris ct,i4,11.36,0.27,8.41,45.048744,0.608845,0.135445,1.552226,16.333838
Tetris ct,i4,11.36,0.33,8.43,46.438173,0.625940,0.134919,1.549859,13.121027
Tetris ct,i4,11.37,0.23,8.41,46.859762,0.625151,0.134656,1.544073,13.488697
Tetris ct,i4,11.37,0.24,8.41,45.210489,0.612527,0.134656,1.545125,39.888760
Tetris ct,i4,11.37,0.28,8.41,44.873323,0.604637,0.130448,1.547755,66.006191
Tetris ct,i4,11.37,0.29,8.43,46.149136,0.624888,0.134919,1.542758,25.387261
Tetris ct,i4,11.38,0.24,8.39,44.958272,0.613579,0.131763,1.557749,93.847379
Tetris ct,i4,11.38,0.28,8.41,45.276239,0.626992,0.135182,1.555382,44.056237
Tetris ct,i4,11.38,0.28,8.41,45.520566,0.612527,0.135182,1.559327,35.513567
Tetris ct,i4,11.38,0.28,8.41,45.685467,0.609371,0.136234,1.583260,26.882730
Tetris ct,i4,11.38,0.28,8.43,46.950234,0.626466,0.135182,1.583260,32.413509
Tetris ct,i4,11.38,0.29,8.45,45.446137,0.626466,0.133078,1.534079,26.218058
Tetris ct,i4,11.38,0.29,8.45,46.395567,0.626203,0.134656,1.547755,43.899444
Tetris ct,i4,11.39,0.21,8.39,44.631363,0.609897,0.134919,1.548018,25.502137
Tetris ct,i4,11.39,0.26,8.42,46.596499,0.633041,0.134656,1.543284,9.942635
Tetris ct,i4,11.39,0.27,8.42,47.217968,0.631200,0.136497,1.591939,16.921717
Tetris ct,i4,11.39,0.28,8.43,45.833010,0.635408,0.134919,1.554593,108.750716
Tetris ct,i4,11.40,0.22,8.41,45.150788,0.619891,0.127555,1.552226,33.149014
Tetris ct,i4,11.40,0.23,8.43,46.465788,0.625151,0.134656,1.548018,33.167887
Tetris ct,i4,11.41,0.23,8.42,45.049270,0.626466,0.135182,1.544862,32.504551
Tetris ct,i4,11.42,0.17,8.38,45.517936,0.607267,0.129396,1.505412,26.389059
Tetris ct,i4,11.42,0.23,8.43,46.605178,0.627255,0.134919,1.553541,64.518264
Tetris ct,i4,11.44,0.17,8.39,44.526689,0.603059,0.114931,1.501467,21.581992
Tetris wsil,i1,15.01,0.32,8.04,42.769323,0.587016,0.099414,3.797457,0
Tetris wsil,i1,15.68,0.32,8.17,41.077444,0.602270,0.123084,3.346938,0
Tetris wsil,i1,15.61,0.41,8.15,40.227691,0.612264,0.129133,3.338522,0
Tetris wsil,i1,15.81,0.27,8.19,40.887821,0.600692,0.129922,3.278295,0
Tetris wsil,i1,15.73,0.27,8.13,40.324212,0.583597,0.129133,3.250943,0
Tetris wsil,i1,15.80,0.33,8.17,41.911943,0.604637,0.133867,3.328265,0
Tetris wsil,i1,15.82,0.29,8.17,40.465706,0.598325,0.130711,3.304858,0
Tetris wsil,i1,15.76,0.26,8.12,40.083041,0.586227,0.126766,3.236215,0
Tetris wsil,i1,15.76,0.32,8.15,41.045621,0.608056,0.130448,3.323531,0
Tetris wsil,i1,15.76,0.29,8.17,39.700639,0.606478,0.130448,3.338522,0
Tetris wsil,i1,15.72,0.32,8.16,39.164908,0.603059,0.129659,3.272509,0
Tetris wsil,i1,15.75,0.30,8.16,39.880794,0.604637,0.128081,3.300650,0
Tetris wsil,i1,15.68,0.31,8.11,39.937602,0.588068,0.124925,3.225169,0
Tetris wsil,i1,15.67,0.37,8.17,39.481297,0.595695,0.124662,3.304595,0
Tetris wsil,i1,15.83,0.28,8.17,40.169831,0.603059,0.124136,3.291971,0
Tetris wsil,i1,15.78,0.30,8.15,39.196468,0.583334,0.118350,3.162312,0
Tetris wsil,i1,15.77,0.30,8.20,40.730284,0.605689,0.122295,3.292234,0
Tetris wsil,i1,15.67,0.31,8.12,40.637445,0.580178,0.118350,3.226747,0
Tetris wsil,i1,15.74,0.33,8.15,39.495762,0.602533,0.122295,3.303017,0
Tetris wsil,i1,15.71,0.30,8.13,39.928134,0.582282,0.122295,3.293812,0
Tetris wsil,i1,15.76,0.30,8.15,40.252676,0.597273,0.122295,3.261200,0
Tetris wsil,i1,15.67,0.34,8.12,40.004667,0.579652,0.118350,3.238582,0
Tetris wsil,i1,15.67,0.34,8.12,40.447296,0.570447,0.118350,3.222013,0
Tetris wsil,i1,15.72,0.26,8.12,39.346378,0.585175,0.118350,3.307488,0
Tetris wsil,i1,15.82,0.25,8.16,39.543365,0.576233,0.122295,3.275402,0
Tetris wsil,i1,15.81,0.27,8.15,39.802946,0.593854,0.122295,3.293286,0
Tetris wsil,i1,15.71,0.35,8.15,38.733325,0.597799,0.122295,3.284607,0
Tetris wsil,i1,15.70,0.33,8.14,39.662241,0.583334,0.118350,3.307488,0
Tetris wsil,i1,15.72,0.31,8.14,39.692486,0.575181,0.122295,3.279347,0
Tetris wsil,i1,15.64,0.36,8.15,39.983890,0.580967,0.118350,3.259885,0
Tetris wsil,i1,15.75,0.32,8.16,40.773416,0.598062,0.122295,3.290919,0
Tetris wsil,i1,15.72,0.33,8.19,41.103218,0.602007,0.122295,3.265408,0
Tetris wsil,i1,15.68,0.33,8.13,39.802683,0.580178,0.118350,3.184930,0
Tetris wsil,i1,15.77,0.28,8.15,39.093372,0.579652,0.118350,3.263041,0
Tetris wsil,i1,15.67,0.31,8.14,39.612008,0.579915,0.122295,3.350620,0
Tetris wsil,i1,15.64,0.35,8.13,40.045432,0.581756,0.122295,3.352987,0
Tetris wsil,i1,15.78,0.25,8.15,39.656192,0.590961,0.122295,3.294338,0
Tetris wsil,i1,15.69,0.33,8.15,39.701165,0.594906,0.122295,3.294864,0
Tetris wsil,i1,15.73,0.32,8.17,40.536190,0.600429,0.122295,3.310907,0
Tetris wsil,i1,15.77,0.29,8.16,38.905064,0.577548,0.122295,3.259622,0
Tetris wsil,i1,15.68,0.34,8.17,41.025896,0.598851,0.122295,3.271194,0
Tetris wsil,i1,15.74,0.30,8.14,39.867644,0.587279,0.122295,3.260937,0
Tetris wsil,i1,15.70,0.31,8.15,40.436513,0.595169,0.122295,3.278558,0
Tetris wsil,i1,15.65,0.36,8.13,39.632259,0.583071,0.118350,3.153633,0
Tetris wsil,i1,15.67,0.37,8.13,40.355246,0.581493,0.118350,3.189664,0
Tetris wsil,i1,15.73,0.34,8.16,39.006845,0.599640,0.122295,3.262252,0
Tetris wsil,i1,15.72,0.29,8.15,40.855472,0.604374,0.122295,3.333525,0
Tetris wsil,i1,15.66,0.34,8.11,39.838714,0.575181,0.118350,3.320375,0
Tetris wsil,i1,15.70,0.32,8.15,40.027811,0.596484,0.122295,3.327739,0
Tetris wsil,i1,15.71,0.28,8.13,39.638834,0.584912,0.118350,3.223328,0
Tetris wsil,i1,15.78,0.25,8.16,38.810910,0.578600,0.122295,3.263830,0
Tetris wsil,i2,15.02,0.31,7.99,42.769323,0.587016,0.099414,3.797457,0
Tetris wsil,i2,15.70,0.28,8.12,40.019921,0.583071,0.118876,3.240160,0
Tetris wsil,i2,15.72,0.27,8.14,40.227691,0.612264,0.129133,3.338522,0
Tetris wsil,i2,15.74,0.35,8.17,40.887821,0.600692,0.129922,3.278295,0
Tetris wsil,i2,15.72,0.28,8.11,40.324212,0.583597,0.129133,3.250943,0
Tetris wsil,i2,15.72,0.37,8.16,40.573273,0.585175,0.129396,3.328265,0
Tetris wsil,i2,15.80,0.30,8.20,40.465706,0.598325,0.130711,3.304858,0
Tetris wsil,i2,15.69,0.32,8.13,40.083041,0.586227,0.130974,3.347464,0
Tetris wsil,i2,15.75,0.29,8.15,40.092246,0.608056,0.130448,3.323531,0
Tetris wsil,i2,15.75,0.30,8.14,39.700639,0.587279,0.130448,3.338522,0
Tetris wsil,i2,15.69,0.35,8.15,39.164908,0.583597,0.129659,3.272509,0
Tetris wsil,i2,15.70,0.35,8.15,40.948311,0.604637,0.128081,3.300650,0
Tetris wsil,i2,15.62,0.38,8.13,39.937602,0.588068,0.124925,3.334840,0
Tetris wsil,i2,15.76,0.27,8.14,39.481297,0.576233,0.120454,3.304595,0
Tetris wsil,i2,15.82,0.30,8.15,40.169831,0.583860,0.124136,3.291971,0
Tetris wsil,i2,15.77,0.31,8.17,40.631396,0.602796,0.122295,3.272509,0
Tetris wsil,i2,15.83,0.26,8.17,40.730284,0.605689,0.122295,3.292234,0
Tetris wsil,i2,15.70,0.28,8.14,40.637445,0.580178,0.118350,3.226747,0
Tetris wsil,i2,15.75,0.29,8.15,39.495762,0.583071,0.118350,3.303017,0
Tetris wsil,i2,15.78,0.26,8.14,39.928134,0.582282,0.118350,3.293812,0
Tetris wsil,i2,15.79,0.28,8.16,40.252676,0.597273,0.122295,3.261200,0
Tetris wsil,i2,15.71,0.27,8.10,40.004667,0.579652,0.118350,3.238582,0
Tetris wsil,i2,15.72,0.28,8.14,40.447296,0.570447,0.122295,3.328528,0
Tetris wsil,i2,15.78,0.23,8.15,39.346378,0.585175,0.122295,3.307488,0
Tetris wsil,i2,15.88,0.23,8.18,40.631659,0.595432,0.122295,3.275402,0
Tetris wsil,i2,15.75,0.27,8.14,39.802946,0.593854,0.122295,3.293286,0
Tetris wsil,i2,15.76,0.30,8.16,38.733325,0.597799,0.122295,3.284607,0
Tetris wsil,i2,15.71,0.29,8.13,39.662241,0.583334,0.122295,3.307488,0
Tetris wsil,i2,15.64,0.40,8.17,40.906757,0.594380,0.122295,3.279347,0
Tetris wsil,i2,15.70,0.31,8.13,39.983890,0.580967,0.118350,3.149425,0
Tetris wsil,i2,15.80,0.27,8.15,39.259851,0.598062,0.122295,3.290919,0
Tetris wsil,i2,15.71,0.30,8.13,39.593335,0.582545,0.118350,3.154948,0
Tetris wsil,i2,15.73,0.32,8.16,41.062190,0.600429,0.122295,3.290656,0
Tetris wsil,i2,15.79,0.26,8.17,39.093372,0.599377,0.122295,3.263041,0
Tetris wsil,i2,15.68,0.29,8.13,39.612008,0.579915,0.118350,3.246998,0
Tetris wsil,i2,15.67,0.32,8.12,40.045432,0.581756,0.118350,3.248313,0
Tetris wsil,i2,15.67,0.34,8.15,39.656192,0.590961,0.122295,3.294338,0
Tetris wsil,i2,15.76,0.27,8.15,39.701165,0.576233,0.122295,3.294864,0
Tetris wsil,i2,15.74,0.28,8.12,39.436061,0.580967,0.118350,3.201499,0
Tetris wsil,i2,15.63,0.44,8.19,40.378390,0.597010,0.122295,3.259622,0
Tetris wsil,i2,15.74,0.26,8.14,39.729043,0.579126,0.118350,3.271194,0
Tetris wsil,i2,15.74,0.30,8.14,39.867644,0.587279,0.122295,3.260937,0
Tetris wsil,i2,15.63,0.37,8.15,38.925315,0.575707,0.122295,3.278558,0
Tetris wsil,i2,15.74,0.29,8.17,39.632259,0.602270,0.122295,3.264356,0
Tetris wsil,i2,15.77,0.29,8.15,40.355246,0.581493,0.122295,3.294338,0
Tetris wsil,i2,15.79,0.27,8.16,40.358139,0.599640,0.122295,3.262252,0
Tetris wsil,i2,15.64,0.34,8.12,39.614901,0.585175,0.118350,3.230429,0
Tetris wsil,i2,15.71,0.27,8.12,39.838714,0.575181,0.122295,3.320375,0
Tetris wsil,i2,15.68,0.33,8.15,40.027811,0.576233,0.122295,3.327739,0
Tetris wsil,i2,15.65,0.34,8.13,39.638834,0.584912,0.122295,3.327739,0
Tetris wsil,i2,15.81,0.24,8.19,40.379705,0.598062,0.122295,3.263830,0
Tetris wsil,i3,15.04,0.25,7.96,42.769323,0.587016,0.099414,3.797457,0
Tetris wsil,i3,15.72,0.29,8.11,40.019921,0.583071,0.118876,3.240160,0
Tetris wsil,i3,15.70,0.32,8.10,40.227691,0.592802,0.124925,3.230955,0
Tetris wsil,i3,15.69,0.35,8.16,39.384513,0.581493,0.129922,3.278295,0
Tetris wsil,i3,15.73,0.27,8.16,40.324212,0.603059,0.133604,3.356669,0
Tetris wsil,i3,15.89,0.21,8.16,41.911943,0.604637,0.133867,3.328265,0
Tetris wsil,i3,15.66,0.43,8.18,40.465706,0.598325,0.130711,3.304858,0
Tetris wsil,i3,15.78,0.27,8.16,41.480886,0.607004,0.130974,3.347464,0
Tetris wsil,i3,15.82,0.26,8.18,41.045621,0.608056,0.130448,3.323531,0
Tetris wsil,i3,15.78,0.27,8.12,39.700639,0.587279,0.126240,3.228851,0
Tetris wsil,i3,15.79,0.27,8.18,40.703984,0.603059,0.129659,3.272509,0
Tetris wsil,i3,15.70,0.36,8.17,40.948311,0.604637,0.128081,3.300650,0
Tetris wsil,i3,15.70,0.34,8.14,39.937602,0.607793,0.129133,3.334840,0
Tetris wsil,i3,15.76,0.26,8.16,40.792615,0.595695,0.124662,3.304595,0
Tetris wsil,i3,15.82,0.26,8.15,40.169831,0.603059,0.124136,3.291971,0
Tetris wsil,i3,15.84,0.26,8.17,40.631396,0.602796,0.122295,3.272509,0
Tetris wsil,i3,15.71,0.37,8.15,39.607274,0.586490,0.122295,3.292234,0
Tetris wsil,i3,15.70,0.28,8.15,40.637445,0.580178,0.122295,3.334314,0
Tetris wsil,i3,15.74,0.32,8.13,39.495762,0.583071,0.118350,3.303017,0
Tetris wsil,i3,15.75,0.30,8.14,39.928134,0.582282,0.118350,3.188349,0
Tetris wsil,i3,15.73,0.33,8.15,38.806176,0.597273,0.122295,3.261200,0
Tetris wsil,i3,15.67,0.32,8.13,40.004667,0.579652,0.122295,3.341678,0
Tetris wsil,i3,15.69,0.33,8.15,41.496929,0.589909,0.122295,3.328528,0
Tetris wsil,i3,15.69,0.32,8.17,40.764474,0.604637,0.122295,3.307488,0
Tetris wsil,i3,15.69,0.43,8.17,40.631659,0.595432,0.122295,3.275402,0
Tetris wsil,i3,15.70,0.35,8.14,39.802946,0.575181,0.118350,3.293286,0
Tetris wsil,i3,15.68,0.39,8.17,40.239263,0.597799,0.122295,3.284607,0
Tetris wsil,i3,15.79,0.21,8.13,39.662241,0.583334,0.118350,3.307488,0
Tetris wsil,i3,15.78,0.26,8.13,39.692486,0.575181,0.118350,3.279347,0
Tetris wsil,i3,15.67,0.36,8.16,40.950941,0.600955,0.122295,3.259885,0
Tetris wsil,i3,15.82,0.23,8.16,40.773416,0.598062,0.122295,3.290919,0
Tetris wsil,i3,15.71,0.32,8.13,39.593335,0.582545,0.118350,3.265408,0
Tetris wsil,i3,15.74,0.35,8.17,41.062190,0.600429,0.122295,3.290656,0
Tetris wsil,i3,15.71,0.36,8.17,40.524092,0.599377,0.122295,3.263041,0
Tetris wsil,i3,15.63,0.35,8.12,39.612008,0.579915,0.118350,3.350620,0
Tetris wsil,i3,15.70,0.28,8.11,40.045432,0.581756,0.118350,3.248313,0
Tetris wsil,i3,15.75,0.29,8.13,39.656192,0.571762,0.118350,3.294338,0
Tetris wsil,i3,15.69,0.33,8.15,40.680314,0.594906,0.122295,3.294864,0
Tetris wsil,i3,15.78,0.25,8.14,39.436061,0.580967,0.118350,3.310907,0
Tetris wsil,i3,15.69,0.35,8.17,40.378390,0.597010,0.122295,3.259622,0
Tetris wsil,i3,15.70,0.32,8.17,41.025896,0.598851,0.122295,3.271194,0
Tetris wsil,i3,15.63,0.45,8.16,41.225513,0.606478,0.122295,3.260937,0
Tetris wsil,i3,15.67,0.33,8.13,38.925315,0.575707,0.122295,3.278558,0
Tetris wsil,i3,15.72,0.30,8.16,41.063768,0.602270,0.122295,3.264356,0
Tetris wsil,i3,15.73,0.34,8.16,41.499559,0.600955,0.122295,3.294338,0
Tetris wsil,i3,15.82,0.24,8.14,39.006845,0.580441,0.122295,3.262252,0
Tetris wsil,i3,15.73,0.28,8.11,39.614901,0.585175,0.118350,3.230429,0
Tetris wsil,i3,15.73,0.29,8.14,39.838714,0.575181,0.118350,3.212545,0
Tetris wsil,i3,15.76,0.25,8.14,40.027811,0.576233,0.118350,3.327739,0
Tetris wsil,i3,15.68,0.32,8.12,39.638834,0.584912,0.118350,3.223328,0
Tetris wsil,i3,15.70,0.32,8.17,38.810910,0.598062,0.122295,3.263830,0
Tetris wsil,i4,15.10,0.24,8.08,42.769323,0.587016,0.099414,3.797457,0
Tetris wsil,i4,15.78,0.26,8.26,41.077444,0.602270,0.123084,3.346938,0
Tetris wsil,i4,15.72,0.32,8.25,41.424078,0.612264,0.129133,3.338522,0
Tetris wsil,i4,15.79,0.32,8.26,40.887821,0.600692,0.129922,3.278295,0
Tetris wsil,i4,15.68,0.34,8.20,41.510342,0.603059,0.133604,3.356669,0
Tetris wsil,i4,15.79,0.33,8.25,41.911943,0.604637,0.133867,3.328265,0
Tetris wsil,i4,15.80,0.31,8.27,40.465706,0.598325,0.130711,3.304858,0
Tetris wsil,i4,15.66,0.41,8.25,41.480886,0.607004,0.130974,3.347464,0
Tetris wsil,i4,15.79,0.32,8.28,41.045621,0.608056,0.130448,3.323531,0
Tetris wsil,i4,15.79,0.30,8.24,40.811025,0.606478,0.130448,3.338522,0
Tetris wsil,i4,15.79,0.31,8.26,40.703984,0.603059,0.129659,3.272509,0
Tetris wsil,i4,15.77,0.30,8.25,40.948311,0.604637,0.128081,3.300650,0
Tetris wsil,i4,15.78,0.29,8.24,41.173439,0.607793,0.129133,3.334840,0
Tetris wsil,i4,15.73,0.34,8.24,40.792615,0.595695,0.124662,3.304595,0
Tetris wsil,i4,15.80,0.33,8.27,41.157922,0.603059,0.124136,3.291971,0
Tetris wsil,i4,15.83,0.30,8.22,40.631396,0.602796,0.122295,3.272509,0
Tetris wsil,i4,15.87,0.24,8.22,40.730284,0.605689,0.122295,3.292234,0
Tetris wsil,i4,15.60,0.42,8.20,41.724687,0.599640,0.122295,3.334314,0
Tetris wsil,i4,15.80,0.30,8.25,40.948048,0.602533,0.122295,3.303017,0
Tetris wsil,i4,15.81,0.27,8.26,41.085597,0.601744,0.122295,3.293812,0
Tetris wsil,i4,15.87,0.23,8.26,40.252676,0.597273,0.122295,3.261200,0
Tetris wsil,i4,15.68,0.36,8.22,41.246027,0.598325,0.122295,3.341678,0
Tetris wsil,i4,15.76,0.27,8.22,41.496929,0.589909,0.122295,3.328528,0
Tetris wsil,i4,15.72,0.34,8.27,40.764474,0.604637,0.122295,3.307488,0
Tetris wsil,i4,15.77,0.30,8.25,40.631659,0.595432,0.122295,3.275402,0
Tetris wsil,i4,15.72,0.35,8.26,41.071921,0.593854,0.122295,3.293286,0
Tetris wsil,i4,15.80,0.29,8.26,40.239263,0.597799,0.122295,3.284607,0
Tetris wsil,i4,15.74,0.31,8.25,40.902023,0.602796,0.122295,3.307488,0
Tetris wsil,i4,15.77,0.29,8.26,40.906757,0.594380,0.122295,3.279347,0
Tetris wsil,i4,15.76,0.30,8.25,40.950941,0.600955,0.122295,3.259885,0
Tetris wsil,i4,15.85,0.23,8.26,40.773416,0.598062,0.122295,3.290919,0
Tetris wsil,i4,15.82,0.27,8.26,41.103218,0.602007,0.122295,3.265408,0
Tetris wsil,i4,15.76,0.32,8.24,41.062190,0.600429,0.122295,3.290656,0
Tetris wsil,i4,15.81,0.27,8.27,40.524092,0.599377,0.122295,3.263041,0
Tetris wsil,i4,15.70,0.30,8.21,40.884928,0.599114,0.122295,3.350620,0
Tetris wsil,i4,15.58,0.42,8.22,41.025107,0.600955,0.122295,3.352987,0
Tetris wsil,i4,15.86,0.20,8.25,41.083230,0.590961,0.122295,3.294338,0
Tetris wsil,i4,15.69,0.38,8.27,40.680314,0.594906,0.122295,3.294864,0
Tetris wsil,i4,15.86,0.20,8.23,40.536190,0.600429,0.122295,3.310907,0
Tetris wsil,i4,15.81,0.26,8.24,40.378390,0.597010,0.122295,3.259622,0
Tetris wsil,i4,15.72,0.35,8.24,41.025896,0.598851,0.122295,3.271194,0
Tetris wsil,i4,15.77,0.32,8.27,41.225513,0.606478,0.122295,3.260937,0
Tetris wsil,i4,15.74,0.32,8.24,40.436513,0.595169,0.122295,3.278558,0
Tetris wsil,i4,15.79,0.28,8.27,41.063768,0.602270,0.122295,3.264356,0
Tetris wsil,i4,15.71,0.37,8.24,41.499559,0.600955,0.122295,3.294338,0
Tetris wsil,i4,15.78,0.30,8.26,40.358139,0.599640,0.122295,3.262252,0
Tetris wsil,i4,15.69,0.34,8.25,40.855472,0.604374,0.122295,3.333525,0
Tetris wsil,i4,15.70,0.35,8.22,40.912280,0.593854,0.122295,3.320375,0
Tetris wsil,i4,15.70,0.34,8.24,41.165286,0.596484,0.122295,3.327739,0
Tetris wsil,i4,15.70,0.33,8.24,40.934898,0.604374,0.122295,3.327739,0
Tetris wsil,i4,15.76,0.30,8.27,40.379705,0.598062,0.122295,3.263830,0
